id,kode_provinsi,nama_provinsi,kode_kabupaten_kota,nama_kabupaten_kota,kondisi_tanaman,luas_tanaman,satuan,tahun
1,32,JAWA BARAT,3201,KABUPATEN BOGOR,TBM,3.0,HEKTAR,2013
2,32,JAWA BARAT,3201,KABUPATEN BOGOR,TM,34.0,HEKTAR,2013
3,32,JAWA BARAT,3201,KABUPATEN BOGOR,TR/TTM,5.0,HEKTAR,2013
4,32,JAWA BARAT,3202,KABUPATEN SUKABUMI,TBM,198.0,HEKTAR,2013
5,32,JAWA BARAT,3202,KABUPATEN SUKABUMI,TM,6371.0,HEKTAR,2013
6,32,JAWA BARAT,3202,KABUPATEN SUKABUMI,TR/TTM,3317.0,HEKTAR,2013
7,32,JAWA BARAT,3203,KABUPATEN CIANJUR,TBM,1017.0,HEKTAR,2013
8,32,JAWA BARAT,3203,KABUPATEN CIANJUR,TM,7679.0,HEKTAR,2013
9,32,JAWA BARAT,3203,KABUPATEN CIANJUR,TR/TTM,5521.0,HEKTAR,2013
10,32,JAWA BARAT,3204,KABUPATEN BANDUNG,TBM,107.0,HEKTAR,2013
11,32,JAWA BARAT,3204,KABUPATEN BANDUNG,TM,1583.0,HEKTAR,2013
12,32,JAWA BARAT,3204,KABUPATEN BANDUNG,TR/TTM,11.0,HEKTAR,2013
13,32,JAWA BARAT,3205,KABUPATEN GARUT,TBM,70.0,HEKTAR,2013
14,32,JAWA BARAT,3205,KABUPATEN GARUT,TM,3049.0,HEKTAR,2013
15,32,JAWA BARAT,3205,KABUPATEN GARUT,TR/TTM,1190.0,HEKTAR,2013
16,32,JAWA BARAT,3206,KABUPATEN TASIKMALAYA,TBM,261.0,HEKTAR,2013
17,32,JAWA BARAT,3206,KABUPATEN TASIKMALAYA,TM,6662.0,HEKTAR,2013
18,32,JAWA BARAT,3206,KABUPATEN TASIKMALAYA,TR/TTM,2607.0,HEKTAR,2013
19,32,JAWA BARAT,3207,KABUPATEN CIAMIS,TBM,0.0,HEKTAR,2013
20,32,JAWA BARAT,3207,KABUPATEN CIAMIS,TM,480.0,HEKTAR,2013
21,32,JAWA BARAT,3207,KABUPATEN CIAMIS,TR/TTM,417.0,HEKTAR,2013
22,32,JAWA BARAT,3208,KABUPATEN KUNINGAN,TBM,0.0,HEKTAR,2013
23,32,JAWA BARAT,3208,KABUPATEN KUNINGAN,TM,0.0,HEKTAR,2013
24,32,JAWA BARAT,3208,KABUPATEN KUNINGAN,TR/TTM,0.0,HEKTAR,2013
25,32,JAWA BARAT,3209,KABUPATEN CIREBON,TBM,0.0,HEKTAR,2013
26,32,JAWA BARAT,3209,KABUPATEN CIREBON,TM,0.0,HEKTAR,2013
27,32,JAWA BARAT,3209,KABUPATEN CIREBON,TR/TTM,0.0,HEKTAR,2013
28,32,JAWA BARAT,3210,KABUPATEN MAJALENGKA,TBM,145.0,HEKTAR,2013
29,32,JAWA BARAT,3210,KABUPATEN MAJALENGKA,TM,292.0,HEKTAR,2013
30,32,JAWA BARAT,3210,KABUPATEN MAJALENGKA,TR/TTM,236.0,HEKTAR,2013
31,32,JAWA BARAT,3211,KABUPATEN SUMEDANG,TBM,26.0,HEKTAR,2013
32,32,JAWA BARAT,3211,KABUPATEN SUMEDANG,TM,327.0,HEKTAR,2013
33,32,JAWA BARAT,3211,KABUPATEN SUMEDANG,TR/TTM,179.0,HEKTAR,2013
34,32,JAWA BARAT,3212,KABUPATEN INDRAMAYU,TBM,0.0,HEKTAR,2013
35,32,JAWA BARAT,3212,KABUPATEN INDRAMAYU,TM,0.0,HEKTAR,2013
36,32,JAWA BARAT,3212,KABUPATEN INDRAMAYU,TR/TTM,0.0,HEKTAR,2013
37,32,JAWA BARAT,3213,KABUPATEN SUBANG,TBM,54.0,HEKTAR,2013
38,32,JAWA BARAT,3213,KABUPATEN SUBANG,TM,474.0,HEKTAR,2013
39,32,JAWA BARAT,3213,KABUPATEN SUBANG,TR/TTM,5.0,HEKTAR,2013
40,32,JAWA BARAT,3214,KABUPATEN PURWAKARTA,TBM,430.0,HEKTAR,2013
41,32,JAWA BARAT,3214,KABUPATEN PURWAKARTA,TM,3945.0,HEKTAR,2013
42,32,JAWA BARAT,3214,KABUPATEN PURWAKARTA,TR/TTM,149.0,HEKTAR,2013
43,32,JAWA BARAT,3215,KABUPATEN KARAWANG,TBM,0.0,HEKTAR,2013
44,32,JAWA BARAT,3215,KABUPATEN KARAWANG,TM,0.0,HEKTAR,2013
45,32,JAWA BARAT,3215,KABUPATEN KARAWANG,TR/TTM,0.0,HEKTAR,2013
46,32,JAWA BARAT,3216,KABUPATEN BEKASI,TBM,0.0,HEKTAR,2013
47,32,JAWA BARAT,3216,KABUPATEN BEKASI,TM,0.0,HEKTAR,2013
48,32,JAWA BARAT,3216,KABUPATEN BEKASI,TR/TTM,0.0,HEKTAR,2013
49,32,JAWA BARAT,3217,KABUPATEN BANDUNG BARAT,TBM,125.0,HEKTAR,2013
50,32,JAWA BARAT,3217,KABUPATEN BANDUNG BARAT,TM,1368.0,HEKTAR,2013
51,32,JAWA BARAT,3217,KABUPATEN BANDUNG BARAT,TR/TTM,118.0,HEKTAR,2013
52,32,JAWA BARAT,3218,KABUPATEN PANGANDARAN,TBM,0.0,HEKTAR,2013
53,32,JAWA BARAT,3218,KABUPATEN PANGANDARAN,TM,0.0,HEKTAR,2013
54,32,JAWA BARAT,3218,KABUPATEN PANGANDARAN,TR/TTM,0.0,HEKTAR,2013
55,32,JAWA BARAT,3271,KOTA BOGOR,TBM,0.0,HEKTAR,2013
56,32,JAWA BARAT,3271,KOTA BOGOR,TM,0.0,HEKTAR,2013
57,32,JAWA BARAT,3271,KOTA BOGOR,TR/TTM,0.0,HEKTAR,2013
58,32,JAWA BARAT,3272,KOTA SUKABUMI,TBM,0.0,HEKTAR,2013
59,32,JAWA BARAT,3272,KOTA SUKABUMI,TM,0.0,HEKTAR,2013
60,32,JAWA BARAT,3272,KOTA SUKABUMI,TR/TTM,0.0,HEKTAR,2013
61,32,JAWA BARAT,3273,KOTA BANDUNG,TBM,0.0,HEKTAR,2013
62,32,JAWA BARAT,3273,KOTA BANDUNG,TM,0.0,HEKTAR,2013
63,32,JAWA BARAT,3273,KOTA BANDUNG,TR/TTM,0.0,HEKTAR,2013
64,32,JAWA BARAT,3274,KOTA CIREBON,TBM,0.0,HEKTAR,2013
65,32,JAWA BARAT,3274,KOTA CIREBON,TM,0.0,HEKTAR,2013
66,32,JAWA BARAT,3274,KOTA CIREBON,TR/TTM,0.0,HEKTAR,2013
67,32,JAWA BARAT,3275,KOTA BEKASI,TBM,0.0,HEKTAR,2013
68,32,JAWA BARAT,3275,KOTA BEKASI,TM,0.0,HEKTAR,2013
69,32,JAWA BARAT,3275,KOTA BEKASI,TR/TTM,0.0,HEKTAR,2013
70,32,JAWA BARAT,3276,KOTA DEPOK,TBM,0.0,HEKTAR,2013
71,32,JAWA BARAT,3276,KOTA DEPOK,TM,0.0,HEKTAR,2013
72,32,JAWA BARAT,3276,KOTA DEPOK,TR/TTM,0.0,HEKTAR,2013
73,32,JAWA BARAT,3277,KOTA CIMAHI,TBM,0.0,HEKTAR,2013
74,32,JAWA BARAT,3277,KOTA CIMAHI,TM,0.0,HEKTAR,2013
75,32,JAWA BARAT,3277,KOTA CIMAHI,TR/TTM,0.0,HEKTAR,2013
76,32,JAWA BARAT,3278,KOTA TASIKMALAYA,TBM,0.0,HEKTAR,2013
77,32,JAWA BARAT,3278,KOTA TASIKMALAYA,TM,0.0,HEKTAR,2013
78,32,JAWA BARAT,3278,KOTA TASIKMALAYA,TR/TTM,0.0,HEKTAR,2013
79,32,JAWA BARAT,3279,KOTA BANJAR,TBM,0.0,HEKTAR,2013
80,32,JAWA BARAT,3279,KOTA BANJAR,TM,0.0,HEKTAR,2013
81,32,JAWA BARAT,3279,KOTA BANJAR,TR/TTM,0.0,HEKTAR,2013
82,32,JAWA BARAT,3201,KABUPATEN BOGOR,TBM,3.0,HEKTAR,2014
83,32,JAWA BARAT,3201,KABUPATEN BOGOR,TM,36.0,HEKTAR,2014
84,32,JAWA BARAT,3201,KABUPATEN BOGOR,TR/TTM,4.0,HEKTAR,2014
85,32,JAWA BARAT,3202,KABUPATEN SUKABUMI,TBM,259.0,HEKTAR,2014
86,32,JAWA BARAT,3202,KABUPATEN SUKABUMI,TM,2792.0,HEKTAR,2014
87,32,JAWA BARAT,3202,KABUPATEN SUKABUMI,TR/TTM,5266.0,HEKTAR,2014
88,32,JAWA BARAT,3203,KABUPATEN CIANJUR,TBM,844.0,HEKTAR,2014
89,32,JAWA BARAT,3203,KABUPATEN CIANJUR,TM,7276.0,HEKTAR,2014
90,32,JAWA BARAT,3203,KABUPATEN CIANJUR,TR/TTM,6079.0,HEKTAR,2014
91,32,JAWA BARAT,3204,KABUPATEN BANDUNG,TBM,107.0,HEKTAR,2014
92,32,JAWA BARAT,3204,KABUPATEN BANDUNG,TM,1583.0,HEKTAR,2014
93,32,JAWA BARAT,3204,KABUPATEN BANDUNG,TR/TTM,11.0,HEKTAR,2014
94,32,JAWA BARAT,3205,KABUPATEN GARUT,TBM,70.0,HEKTAR,2014
95,32,JAWA BARAT,3205,KABUPATEN GARUT,TM,3049.0,HEKTAR,2014
96,32,JAWA BARAT,3205,KABUPATEN GARUT,TR/TTM,1190.0,HEKTAR,2014
97,32,JAWA BARAT,3206,KABUPATEN TASIKMALAYA,TBM,257.0,HEKTAR,2014
98,32,JAWA BARAT,3206,KABUPATEN TASIKMALAYA,TM,6662.0,HEKTAR,2014
99,32,JAWA BARAT,3206,KABUPATEN TASIKMALAYA,TR/TTM,2372.0,HEKTAR,2014
100,32,JAWA BARAT,3207,KABUPATEN CIAMIS,TBM,0.0,HEKTAR,2014
101,32,JAWA BARAT,3207,KABUPATEN CIAMIS,TM,75.0,HEKTAR,2014
102,32,JAWA BARAT,3207,KABUPATEN CIAMIS,TR/TTM,90.0,HEKTAR,2014
103,32,JAWA BARAT,3208,KABUPATEN KUNINGAN,TBM,0.0,HEKTAR,2014
104,32,JAWA BARAT,3208,KABUPATEN KUNINGAN,TM,0.0,HEKTAR,2014
105,32,JAWA BARAT,3208,KABUPATEN KUNINGAN,TR/TTM,0.0,HEKTAR,2014
106,32,JAWA BARAT,3209,KABUPATEN CIREBON,TBM,0.0,HEKTAR,2014
107,32,JAWA BARAT,3209,KABUPATEN CIREBON,TM,0.0,HEKTAR,2014
108,32,JAWA BARAT,3209,KABUPATEN CIREBON,TR/TTM,0.0,HEKTAR,2014
109,32,JAWA BARAT,3210,KABUPATEN MAJALENGKA,TBM,106.0,HEKTAR,2014
110,32,JAWA BARAT,3210,KABUPATEN MAJALENGKA,TM,334.0,HEKTAR,2014
111,32,JAWA BARAT,3210,KABUPATEN MAJALENGKA,TR/TTM,233.0,HEKTAR,2014
112,32,JAWA BARAT,3211,KABUPATEN SUMEDANG,TBM,26.0,HEKTAR,2014
113,32,JAWA BARAT,3211,KABUPATEN SUMEDANG,TM,326.0,HEKTAR,2014
114,32,JAWA BARAT,3211,KABUPATEN SUMEDANG,TR/TTM,180.0,HEKTAR,2014
115,32,JAWA BARAT,3212,KABUPATEN INDRAMAYU,TBM,0.0,HEKTAR,2014
116,32,JAWA BARAT,3212,KABUPATEN INDRAMAYU,TM,0.0,HEKTAR,2014
117,32,JAWA BARAT,3212,KABUPATEN INDRAMAYU,TR/TTM,0.0,HEKTAR,2014
118,32,JAWA BARAT,3213,KABUPATEN SUBANG,TBM,62.0,HEKTAR,2014
119,32,JAWA BARAT,3213,KABUPATEN SUBANG,TM,385.0,HEKTAR,2014
120,32,JAWA BARAT,3213,KABUPATEN SUBANG,TR/TTM,84.0,HEKTAR,2014
121,32,JAWA BARAT,3214,KABUPATEN PURWAKARTA,TBM,392.0,HEKTAR,2014
122,32,JAWA BARAT,3214,KABUPATEN PURWAKARTA,TM,3953.0,HEKTAR,2014
123,32,JAWA BARAT,3214,KABUPATEN PURWAKARTA,TR/TTM,170.0,HEKTAR,2014
124,32,JAWA BARAT,3215,KABUPATEN KARAWANG,TBM,0.0,HEKTAR,2014
125,32,JAWA BARAT,3215,KABUPATEN KARAWANG,TM,0.0,HEKTAR,2014
126,32,JAWA BARAT,3215,KABUPATEN KARAWANG,TR/TTM,0.0,HEKTAR,2014
127,32,JAWA BARAT,3216,KABUPATEN BEKASI,TBM,0.0,HEKTAR,2014
128,32,JAWA BARAT,3216,KABUPATEN BEKASI,TM,0.0,HEKTAR,2014
129,32,JAWA BARAT,3216,KABUPATEN BEKASI,TR/TTM,0.0,HEKTAR,2014
130,32,JAWA BARAT,3217,KABUPATEN BANDUNG BARAT,TBM,105.0,HEKTAR,2014
131,32,JAWA BARAT,3217,KABUPATEN BANDUNG BARAT,TM,1362.0,HEKTAR,2014
132,32,JAWA BARAT,3217,KABUPATEN BANDUNG BARAT,TR/TTM,109.0,HEKTAR,2014
133,32,JAWA BARAT,3218,KABUPATEN PANGANDARAN,TBM,0.0,HEKTAR,2014
134,32,JAWA BARAT,3218,KABUPATEN PANGANDARAN,TM,0.0,HEKTAR,2014
135,32,JAWA BARAT,3218,KABUPATEN PANGANDARAN,TR/TTM,0.0,HEKTAR,2014
136,32,JAWA BARAT,3271,KOTA BOGOR,TBM,0.0,HEKTAR,2014
137,32,JAWA BARAT,3271,KOTA BOGOR,TM,0.0,HEKTAR,2014
138,32,JAWA BARAT,3271,KOTA BOGOR,TR/TTM,0.0,HEKTAR,2014
139,32,JAWA BARAT,3272,KOTA SUKABUMI,TBM,0.0,HEKTAR,2014
140,32,JAWA BARAT,3272,KOTA SUKABUMI,TM,0.0,HEKTAR,2014
141,32,JAWA BARAT,3272,KOTA SUKABUMI,TR/TTM,0.0,HEKTAR,2014
142,32,JAWA BARAT,3273,KOTA BANDUNG,TBM,0.0,HEKTAR,2014
143,32,JAWA BARAT,3273,KOTA BANDUNG,TM,0.0,HEKTAR,2014
144,32,JAWA BARAT,3273,KOTA BANDUNG,TR/TTM,0.0,HEKTAR,2014
145,32,JAWA BARAT,3274,KOTA CIREBON,TBM,0.0,HEKTAR,2014
146,32,JAWA BARAT,3274,KOTA CIREBON,TM,0.0,HEKTAR,2014
147,32,JAWA BARAT,3274,KOTA CIREBON,TR/TTM,0.0,HEKTAR,2014
148,32,JAWA BARAT,3275,KOTA BEKASI,TBM,0.0,HEKTAR,2014
149,32,JAWA BARAT,3275,KOTA BEKASI,TM,0.0,HEKTAR,2014
150,32,JAWA BARAT,3275,KOTA BEKASI,TR/TTM,0.0,HEKTAR,2014
151,32,JAWA BARAT,3276,KOTA DEPOK,TBM,0.0,HEKTAR,2014
152,32,JAWA BARAT,3276,KOTA DEPOK,TM,0.0,HEKTAR,2014
153,32,JAWA BARAT,3276,KOTA DEPOK,TR/TTM,0.0,HEKTAR,2014
154,32,JAWA BARAT,3277,KOTA CIMAHI,TBM,0.0,HEKTAR,2014
155,32,JAWA BARAT,3277,KOTA CIMAHI,TM,0.0,HEKTAR,2014
156,32,JAWA BARAT,3277,KOTA CIMAHI,TR/TTM,0.0,HEKTAR,2014
157,32,JAWA BARAT,3278,KOTA TASIKMALAYA,TBM,0.0,HEKTAR,2014
158,32,JAWA BARAT,3278,KOTA TASIKMALAYA,TM,0.0,HEKTAR,2014
159,32,JAWA BARAT,3278,KOTA TASIKMALAYA,TR/TTM,0.0,HEKTAR,2014
160,32,JAWA BARAT,3279,KOTA BANJAR,TBM,0.0,HEKTAR,2014
161,32,JAWA BARAT,3279,KOTA BANJAR,TM,0.0,HEKTAR,2014
162,32,JAWA BARAT,3279,KOTA BANJAR,TR/TTM,0.0,HEKTAR,2014
163,32,JAWA BARAT,3201,KABUPATEN BOGOR,TBM,2.0,HEKTAR,2015
164,32,JAWA BARAT,3201,KABUPATEN BOGOR,TM,38.0,HEKTAR,2015
165,32,JAWA BARAT,3201,KABUPATEN BOGOR,TR/TTM,3.0,HEKTAR,2015
166,32,JAWA BARAT,3202,KABUPATEN SUKABUMI,TBM,459.0,HEKTAR,2015
167,32,JAWA BARAT,3202,KABUPATEN SUKABUMI,TM,2792.0,HEKTAR,2015
168,32,JAWA BARAT,3202,KABUPATEN SUKABUMI,TR/TTM,5066.0,HEKTAR,2015
169,32,JAWA BARAT,3203,KABUPATEN CIANJUR,TBM,1444.0,HEKTAR,2015
170,32,JAWA BARAT,3203,KABUPATEN CIANJUR,TM,7276.0,HEKTAR,2015
171,32,JAWA BARAT,3203,KABUPATEN CIANJUR,TR/TTM,5908.0,HEKTAR,2015
172,32,JAWA BARAT,3204,KABUPATEN BANDUNG,TBM,0.0,HEKTAR,2015
173,32,JAWA BARAT,3204,KABUPATEN BANDUNG,TM,1652.0,HEKTAR,2015
174,32,JAWA BARAT,3204,KABUPATEN BANDUNG,TR/TTM,49.0,HEKTAR,2015
175,32,JAWA BARAT,3205,KABUPATEN GARUT,TBM,320.0,HEKTAR,2015
176,32,JAWA BARAT,3205,KABUPATEN GARUT,TM,3049.0,HEKTAR,2015
177,32,JAWA BARAT,3205,KABUPATEN GARUT,TR/TTM,940.0,HEKTAR,2015
178,32,JAWA BARAT,3206,KABUPATEN TASIKMALAYA,TBM,252.0,HEKTAR,2015
179,32,JAWA BARAT,3206,KABUPATEN TASIKMALAYA,TM,6662.0,HEKTAR,2015
180,32,JAWA BARAT,3206,KABUPATEN TASIKMALAYA,TR/TTM,2369.0,HEKTAR,2015
181,32,JAWA BARAT,3207,KABUPATEN CIAMIS,TBM,0.0,HEKTAR,2015
182,32,JAWA BARAT,3207,KABUPATEN CIAMIS,TM,75.0,HEKTAR,2015
183,32,JAWA BARAT,3207,KABUPATEN CIAMIS,TR/TTM,99.0,HEKTAR,2015
184,32,JAWA BARAT,3208,KABUPATEN KUNINGAN,TBM,0.0,HEKTAR,2015
185,32,JAWA BARAT,3208,KABUPATEN KUNINGAN,TM,0.0,HEKTAR,2015
186,32,JAWA BARAT,3208,KABUPATEN KUNINGAN,TR/TTM,0.0,HEKTAR,2015
187,32,JAWA BARAT,3209,KABUPATEN CIREBON,TBM,0.0,HEKTAR,2015
188,32,JAWA BARAT,3209,KABUPATEN CIREBON,TM,0.0,HEKTAR,2015
189,32,JAWA BARAT,3209,KABUPATEN CIREBON,TR/TTM,0.0,HEKTAR,2015
190,32,JAWA BARAT,3210,KABUPATEN MAJALENGKA,TBM,145.0,HEKTAR,2015
191,32,JAWA BARAT,3210,KABUPATEN MAJALENGKA,TM,275.0,HEKTAR,2015
192,32,JAWA BARAT,3210,KABUPATEN MAJALENGKA,TR/TTM,253.0,HEKTAR,2015
193,32,JAWA BARAT,3211,KABUPATEN SUMEDANG,TBM,24.0,HEKTAR,2015
194,32,JAWA BARAT,3211,KABUPATEN SUMEDANG,TM,323.0,HEKTAR,2015
195,32,JAWA BARAT,3211,KABUPATEN SUMEDANG,TR/TTM,178.0,HEKTAR,2015
196,32,JAWA BARAT,3212,KABUPATEN INDRAMAYU,TBM,0.0,HEKTAR,2015
197,32,JAWA BARAT,3212,KABUPATEN INDRAMAYU,TM,0.0,HEKTAR,2015
198,32,JAWA BARAT,3212,KABUPATEN INDRAMAYU,TR/TTM,0.0,HEKTAR,2015
199,32,JAWA BARAT,3213,KABUPATEN SUBANG,TBM,64.0,HEKTAR,2015
200,32,JAWA BARAT,3213,KABUPATEN SUBANG,TM,385.0,HEKTAR,2015
201,32,JAWA BARAT,3213,KABUPATEN SUBANG,TR/TTM,84.0,HEKTAR,2015
202,32,JAWA BARAT,3214,KABUPATEN PURWAKARTA,TBM,524.0,HEKTAR,2015
203,32,JAWA BARAT,3214,KABUPATEN PURWAKARTA,TM,3881.0,HEKTAR,2015
204,32,JAWA BARAT,3214,KABUPATEN PURWAKARTA,TR/TTM,110.0,HEKTAR,2015
205,32,JAWA BARAT,3215,KABUPATEN KARAWANG,TBM,0.0,HEKTAR,2015
206,32,JAWA BARAT,3215,KABUPATEN KARAWANG,TM,0.0,HEKTAR,2015
207,32,JAWA BARAT,3215,KABUPATEN KARAWANG,TR/TTM,0.0,HEKTAR,2015
208,32,JAWA BARAT,3216,KABUPATEN BEKASI,TBM,0.0,HEKTAR,2015
209,32,JAWA BARAT,3216,KABUPATEN BEKASI,TM,0.0,HEKTAR,2015
210,32,JAWA BARAT,3216,KABUPATEN BEKASI,TR/TTM,0.0,HEKTAR,2015
211,32,JAWA BARAT,3217,KABUPATEN BANDUNG BARAT,TBM,108.0,HEKTAR,2015
212,32,JAWA BARAT,3217,KABUPATEN BANDUNG BARAT,TM,1297.0,HEKTAR,2015
213,32,JAWA BARAT,3217,KABUPATEN BANDUNG BARAT,TR/TTM,106.0,HEKTAR,2015
214,32,JAWA BARAT,3218,KABUPATEN PANGANDARAN,TBM,0.0,HEKTAR,2015
215,32,JAWA BARAT,3218,KABUPATEN PANGANDARAN,TM,0.0,HEKTAR,2015
216,32,JAWA BARAT,3218,KABUPATEN PANGANDARAN,TR/TTM,0.0,HEKTAR,2015
217,32,JAWA BARAT,3271,KOTA BOGOR,TBM,0.0,HEKTAR,2015
218,32,JAWA BARAT,3271,KOTA BOGOR,TM,0.0,HEKTAR,2015
219,32,JAWA BARAT,3271,KOTA BOGOR,TR/TTM,0.0,HEKTAR,2015
220,32,JAWA BARAT,3272,KOTA SUKABUMI,TBM,0.0,HEKTAR,2015
221,32,JAWA BARAT,3272,KOTA SUKABUMI,TM,0.0,HEKTAR,2015
222,32,JAWA BARAT,3272,KOTA SUKABUMI,TR/TTM,0.0,HEKTAR,2015
223,32,JAWA BARAT,3273,KOTA BANDUNG,TBM,0.0,HEKTAR,2015
224,32,JAWA BARAT,3273,KOTA BANDUNG,TM,0.0,HEKTAR,2015
225,32,JAWA BARAT,3273,KOTA BANDUNG,TR/TTM,0.0,HEKTAR,2015
226,32,JAWA BARAT,3274,KOTA CIREBON,TBM,0.0,HEKTAR,2015
227,32,JAWA BARAT,3274,KOTA CIREBON,TM,0.0,HEKTAR,2015
228,32,JAWA BARAT,3274,KOTA CIREBON,TR/TTM,0.0,HEKTAR,2015
229,32,JAWA BARAT,3275,KOTA BEKASI,TBM,0.0,HEKTAR,2015
230,32,JAWA BARAT,3275,KOTA BEKASI,TM,0.0,HEKTAR,2015
231,32,JAWA BARAT,3275,KOTA BEKASI,TR/TTM,0.0,HEKTAR,2015
232,32,JAWA BARAT,3276,KOTA DEPOK,TBM,0.0,HEKTAR,2015
233,32,JAWA BARAT,3276,KOTA DEPOK,TM,0.0,HEKTAR,2015
234,32,JAWA BARAT,3276,KOTA DEPOK,TR/TTM,0.0,HEKTAR,2015
235,32,JAWA BARAT,3277,KOTA CIMAHI,TBM,0.0,HEKTAR,2015
236,32,JAWA BARAT,3277,KOTA CIMAHI,TM,0.0,HEKTAR,2015
237,32,JAWA BARAT,3277,KOTA CIMAHI,TR/TTM,0.0,HEKTAR,2015
238,32,JAWA BARAT,3278,KOTA TASIKMALAYA,TBM,0.0,HEKTAR,2015
239,32,JAWA BARAT,3278,KOTA TASIKMALAYA,TM,0.0,HEKTAR,2015
240,32,JAWA BARAT,3278,KOTA TASIKMALAYA,TR/TTM,0.0,HEKTAR,2015
241,32,JAWA BARAT,3279,KOTA BANJAR,TBM,0.0,HEKTAR,2015
242,32,JAWA BARAT,3279,KOTA BANJAR,TM,0.0,HEKTAR,2015
243,32,JAWA BARAT,3279,KOTA BANJAR,TR/TTM,0.0,HEKTAR,2015
244,32,JAWA BARAT,3201,KABUPATEN BOGOR,TBM,2.0,HEKTAR,2016
245,32,JAWA BARAT,3201,KABUPATEN BOGOR,TM,38.0,HEKTAR,2016
246,32,JAWA BARAT,3201,KABUPATEN BOGOR,TR/TTM,3.0,HEKTAR,2016
247,32,JAWA BARAT,3202,KABUPATEN SUKABUMI,TBM,259.0,HEKTAR,2016
248,32,JAWA BARAT,3202,KABUPATEN SUKABUMI,TM,2792.0,HEKTAR,2016
249,32,JAWA BARAT,3202,KABUPATEN SUKABUMI,TR/TTM,5266.0,HEKTAR,2016
250,32,JAWA BARAT,3203,KABUPATEN CIANJUR,TBM,1456.0,HEKTAR,2016
251,32,JAWA BARAT,3203,KABUPATEN CIANJUR,TM,7569.0,HEKTAR,2016
252,32,JAWA BARAT,3203,KABUPATEN CIANJUR,TR/TTM,5602.0,HEKTAR,2016
253,32,JAWA BARAT,3204,KABUPATEN BANDUNG,TBM,0.0,HEKTAR,2016
254,32,JAWA BARAT,3204,KABUPATEN BANDUNG,TM,1652.0,HEKTAR,2016
255,32,JAWA BARAT,3204,KABUPATEN BANDUNG,TR/TTM,49.0,HEKTAR,2016
256,32,JAWA BARAT,3205,KABUPATEN GARUT,TBM,221.0,HEKTAR,2016
257,32,JAWA BARAT,3205,KABUPATEN GARUT,TM,2761.0,HEKTAR,2016
258,32,JAWA BARAT,3205,KABUPATEN GARUT,TR/TTM,348.0,HEKTAR,2016
259,32,JAWA BARAT,3206,KABUPATEN TASIKMALAYA,TBM,252.0,HEKTAR,2016
260,32,JAWA BARAT,3206,KABUPATEN TASIKMALAYA,TM,6662.0,HEKTAR,2016
261,32,JAWA BARAT,3206,KABUPATEN TASIKMALAYA,TR/TTM,2364.0,HEKTAR,2016
262,32,JAWA BARAT,3207,KABUPATEN CIAMIS,TBM,0.0,HEKTAR,2016
263,32,JAWA BARAT,3207,KABUPATEN CIAMIS,TM,87.0,HEKTAR,2016
264,32,JAWA BARAT,3207,KABUPATEN CIAMIS,TR/TTM,87.0,HEKTAR,2016
265,32,JAWA BARAT,3208,KABUPATEN KUNINGAN,TBM,0.0,HEKTAR,2016
266,32,JAWA BARAT,3208,KABUPATEN KUNINGAN,TM,0.0,HEKTAR,2016
267,32,JAWA BARAT,3208,KABUPATEN KUNINGAN,TR/TTM,0.0,HEKTAR,2016
268,32,JAWA BARAT,3209,KABUPATEN CIREBON,TBM,0.0,HEKTAR,2016
269,32,JAWA BARAT,3209,KABUPATEN CIREBON,TM,0.0,HEKTAR,2016
270,32,JAWA BARAT,3209,KABUPATEN CIREBON,TR/TTM,0.0,HEKTAR,2016
271,32,JAWA BARAT,3210,KABUPATEN MAJALENGKA,TBM,145.0,HEKTAR,2016
272,32,JAWA BARAT,3210,KABUPATEN MAJALENGKA,TM,275.0,HEKTAR,2016
273,32,JAWA BARAT,3210,KABUPATEN MAJALENGKA,TR/TTM,253.0,HEKTAR,2016
274,32,JAWA BARAT,3211,KABUPATEN SUMEDANG,TBM,24.0,HEKTAR,2016
275,32,JAWA BARAT,3211,KABUPATEN SUMEDANG,TM,323.0,HEKTAR,2016
276,32,JAWA BARAT,3211,KABUPATEN SUMEDANG,TR/TTM,178.0,HEKTAR,2016
277,32,JAWA BARAT,3212,KABUPATEN INDRAMAYU,TBM,0.0,HEKTAR,2016
278,32,JAWA BARAT,3212,KABUPATEN INDRAMAYU,TM,0.0,HEKTAR,2016
279,32,JAWA BARAT,3212,KABUPATEN INDRAMAYU,TR/TTM,0.0,HEKTAR,2016
280,32,JAWA BARAT,3213,KABUPATEN SUBANG,TBM,64.0,HEKTAR,2016
281,32,JAWA BARAT,3213,KABUPATEN SUBANG,TM,385.0,HEKTAR,2016
282,32,JAWA BARAT,3213,KABUPATEN SUBANG,TR/TTM,84.0,HEKTAR,2016
283,32,JAWA BARAT,3214,KABUPATEN PURWAKARTA,TBM,476.0,HEKTAR,2016
284,32,JAWA BARAT,3214,KABUPATEN PURWAKARTA,TM,3959.0,HEKTAR,2016
285,32,JAWA BARAT,3214,KABUPATEN PURWAKARTA,TR/TTM,71.0,HEKTAR,2016
286,32,JAWA BARAT,3215,KABUPATEN KARAWANG,TBM,0.0,HEKTAR,2016
287,32,JAWA BARAT,3215,KABUPATEN KARAWANG,TM,0.0,HEKTAR,2016
288,32,JAWA BARAT,3215,KABUPATEN KARAWANG,TR/TTM,0.0,HEKTAR,2016
289,32,JAWA BARAT,3216,KABUPATEN BEKASI,TBM,0.0,HEKTAR,2016
290,32,JAWA BARAT,3216,KABUPATEN BEKASI,TM,0.0,HEKTAR,2016
291,32,JAWA BARAT,3216,KABUPATEN BEKASI,TR/TTM,0.0,HEKTAR,2016
292,32,JAWA BARAT,3217,KABUPATEN BANDUNG BARAT,TBM,163.0,HEKTAR,2016
293,32,JAWA BARAT,3217,KABUPATEN BANDUNG BARAT,TM,1306.0,HEKTAR,2016
294,32,JAWA BARAT,3217,KABUPATEN BANDUNG BARAT,TR/TTM,79.0,HEKTAR,2016
295,32,JAWA BARAT,3218,KABUPATEN PANGANDARAN,TBM,0.0,HEKTAR,2016
296,32,JAWA BARAT,3218,KABUPATEN PANGANDARAN,TM,0.0,HEKTAR,2016
297,32,JAWA BARAT,3218,KABUPATEN PANGANDARAN,TR/TTM,0.0,HEKTAR,2016
298,32,JAWA BARAT,3271,KOTA BOGOR,TBM,0.0,HEKTAR,2016
299,32,JAWA BARAT,3271,KOTA BOGOR,TM,0.0,HEKTAR,2016
300,32,JAWA BARAT,3271,KOTA BOGOR,TR/TTM,0.0,HEKTAR,2016
301,32,JAWA BARAT,3272,KOTA SUKABUMI,TBM,0.0,HEKTAR,2016
302,32,JAWA BARAT,3272,KOTA SUKABUMI,TM,0.0,HEKTAR,2016
303,32,JAWA BARAT,3272,KOTA SUKABUMI,TR/TTM,0.0,HEKTAR,2016
304,32,JAWA BARAT,3273,KOTA BANDUNG,TBM,0.0,HEKTAR,2016
305,32,JAWA BARAT,3273,KOTA BANDUNG,TM,0.0,HEKTAR,2016
306,32,JAWA BARAT,3273,KOTA BANDUNG,TR/TTM,0.0,HEKTAR,2016
307,32,JAWA BARAT,3274,KOTA CIREBON,TBM,0.0,HEKTAR,2016
308,32,JAWA BARAT,3274,KOTA CIREBON,TM,0.0,HEKTAR,2016
309,32,JAWA BARAT,3274,KOTA CIREBON,TR/TTM,0.0,HEKTAR,2016
310,32,JAWA BARAT,3275,KOTA BEKASI,TBM,0.0,HEKTAR,2016
311,32,JAWA BARAT,3275,KOTA BEKASI,TM,0.0,HEKTAR,2016
312,32,JAWA BARAT,3275,KOTA BEKASI,TR/TTM,0.0,HEKTAR,2016
313,32,JAWA BARAT,3276,KOTA DEPOK,TBM,0.0,HEKTAR,2016
314,32,JAWA BARAT,3276,KOTA DEPOK,TM,0.0,HEKTAR,2016
315,32,JAWA BARAT,3276,KOTA DEPOK,TR/TTM,0.0,HEKTAR,2016
316,32,JAWA BARAT,3277,KOTA CIMAHI,TBM,0.0,HEKTAR,2016
317,32,JAWA BARAT,3277,KOTA CIMAHI,TM,0.0,HEKTAR,2016
318,32,JAWA BARAT,3277,KOTA CIMAHI,TR/TTM,0.0,HEKTAR,2016
319,32,JAWA BARAT,3278,KOTA TASIKMALAYA,TBM,0.0,HEKTAR,2016
320,32,JAWA BARAT,3278,KOTA TASIKMALAYA,TM,0.0,HEKTAR,2016
321,32,JAWA BARAT,3278,KOTA TASIKMALAYA,TR/TTM,0.0,HEKTAR,2016
322,32,JAWA BARAT,3279,KOTA BANJAR,TBM,0.0,HEKTAR,2016
323,32,JAWA BARAT,3279,KOTA BANJAR,TM,0.0,HEKTAR,2016
324,32,JAWA BARAT,3279,KOTA BANJAR,TR/TTM,0.0,HEKTAR,2016
325,32,JAWA BARAT,3201,KABUPATEN BOGOR,TBM,0.0,HEKTAR,2017
326,32,JAWA BARAT,3201,KABUPATEN BOGOR,TM,36.0,HEKTAR,2017
327,32,JAWA BARAT,3201,KABUPATEN BOGOR,TR/TTM,5.0,HEKTAR,2017
328,32,JAWA BARAT,3202,KABUPATEN SUKABUMI,TBM,254.0,HEKTAR,2017
329,32,JAWA BARAT,3202,KABUPATEN SUKABUMI,TM,2795.0,HEKTAR,2017
330,32,JAWA BARAT,3202,KABUPATEN SUKABUMI,TR/TTM,5268.0,HEKTAR,2017
331,32,JAWA BARAT,3203,KABUPATEN CIANJUR,TBM,1496.0,HEKTAR,2017
332,32,JAWA BARAT,3203,KABUPATEN CIANJUR,TM,7729.0,HEKTAR,2017
333,32,JAWA BARAT,3203,KABUPATEN CIANJUR,TR/TTM,5402.0,HEKTAR,2017
334,32,JAWA BARAT,3204,KABUPATEN BANDUNG,TBM,0.0,HEKTAR,2017
335,32,JAWA BARAT,3204,KABUPATEN BANDUNG,TM,1652.0,HEKTAR,2017
336,32,JAWA BARAT,3204,KABUPATEN BANDUNG,TR/TTM,49.0,HEKTAR,2017
337,32,JAWA BARAT,3205,KABUPATEN GARUT,TBM,369.0,HEKTAR,2017
338,32,JAWA BARAT,3205,KABUPATEN GARUT,TM,2261.0,HEKTAR,2017
339,32,JAWA BARAT,3205,KABUPATEN GARUT,TR/TTM,496.0,HEKTAR,2017
340,32,JAWA BARAT,3206,KABUPATEN TASIKMALAYA,TBM,252.0,HEKTAR,2017
341,32,JAWA BARAT,3206,KABUPATEN TASIKMALAYA,TM,6662.0,HEKTAR,2017
342,32,JAWA BARAT,3206,KABUPATEN TASIKMALAYA,TR/TTM,2198.0,HEKTAR,2017
343,32,JAWA BARAT,3207,KABUPATEN CIAMIS,TBM,0.0,HEKTAR,2017
344,32,JAWA BARAT,3207,KABUPATEN CIAMIS,TM,87.0,HEKTAR,2017
345,32,JAWA BARAT,3207,KABUPATEN CIAMIS,TR/TTM,87.0,HEKTAR,2017
346,32,JAWA BARAT,3208,KABUPATEN KUNINGAN,TBM,0.0,HEKTAR,2017
347,32,JAWA BARAT,3208,KABUPATEN KUNINGAN,TM,0.0,HEKTAR,2017
348,32,JAWA BARAT,3208,KABUPATEN KUNINGAN,TR/TTM,0.0,HEKTAR,2017
349,32,JAWA BARAT,3209,KABUPATEN CIREBON,TBM,0.0,HEKTAR,2017
350,32,JAWA BARAT,3209,KABUPATEN CIREBON,TM,0.0,HEKTAR,2017
351,32,JAWA BARAT,3209,KABUPATEN CIREBON,TR/TTM,0.0,HEKTAR,2017
352,32,JAWA BARAT,3210,KABUPATEN MAJALENGKA,TBM,145.0,HEKTAR,2017
353,32,JAWA BARAT,3210,KABUPATEN MAJALENGKA,TM,275.0,HEKTAR,2017
354,32,JAWA BARAT,3210,KABUPATEN MAJALENGKA,TR/TTM,253.0,HEKTAR,2017
355,32,JAWA BARAT,3211,KABUPATEN SUMEDANG,TBM,20.0,HEKTAR,2017
356,32,JAWA BARAT,3211,KABUPATEN SUMEDANG,TM,325.0,HEKTAR,2017
357,32,JAWA BARAT,3211,KABUPATEN SUMEDANG,TR/TTM,180.0,HEKTAR,2017
358,32,JAWA BARAT,3212,KABUPATEN INDRAMAYU,TBM,0.0,HEKTAR,2017
359,32,JAWA BARAT,3212,KABUPATEN INDRAMAYU,TM,0.0,HEKTAR,2017
360,32,JAWA BARAT,3212,KABUPATEN INDRAMAYU,TR/TTM,0.0,HEKTAR,2017
361,32,JAWA BARAT,3213,KABUPATEN SUBANG,TBM,74.0,HEKTAR,2017
362,32,JAWA BARAT,3213,KABUPATEN SUBANG,TM,385.0,HEKTAR,2017
363,32,JAWA BARAT,3213,KABUPATEN SUBANG,TR/TTM,84.0,HEKTAR,2017
364,32,JAWA BARAT,3214,KABUPATEN PURWAKARTA,TBM,431.0,HEKTAR,2017
365,32,JAWA BARAT,3214,KABUPATEN PURWAKARTA,TM,3890.0,HEKTAR,2017
366,32,JAWA BARAT,3214,KABUPATEN PURWAKARTA,TR/TTM,184.0,HEKTAR,2017
367,32,JAWA BARAT,3215,KABUPATEN KARAWANG,TBM,0.0,HEKTAR,2017
368,32,JAWA BARAT,3215,KABUPATEN KARAWANG,TM,0.0,HEKTAR,2017
369,32,JAWA BARAT,3215,KABUPATEN KARAWANG,TR/TTM,0.0,HEKTAR,2017
370,32,JAWA BARAT,3216,KABUPATEN BEKASI,TBM,0.0,HEKTAR,2017
371,32,JAWA BARAT,3216,KABUPATEN BEKASI,TM,0.0,HEKTAR,2017
372,32,JAWA BARAT,3216,KABUPATEN BEKASI,TR/TTM,0.0,HEKTAR,2017
373,32,JAWA BARAT,3217,KABUPATEN BANDUNG BARAT,TBM,401.0,HEKTAR,2017
374,32,JAWA BARAT,3217,KABUPATEN BANDUNG BARAT,TM,1357.0,HEKTAR,2017
375,32,JAWA BARAT,3217,KABUPATEN BANDUNG BARAT,TR/TTM,103.0,HEKTAR,2017
376,32,JAWA BARAT,3218,KABUPATEN PANGANDARAN,TBM,0.0,HEKTAR,2017
377,32,JAWA BARAT,3218,KABUPATEN PANGANDARAN,TM,0.0,HEKTAR,2017
378,32,JAWA BARAT,3218,KABUPATEN PANGANDARAN,TR/TTM,0.0,HEKTAR,2017
379,32,JAWA BARAT,3271,KOTA BOGOR,TBM,0.0,HEKTAR,2017
380,32,JAWA BARAT,3271,KOTA BOGOR,TM,0.0,HEKTAR,2017
381,32,JAWA BARAT,3271,KOTA BOGOR,TR/TTM,0.0,HEKTAR,2017
382,32,JAWA BARAT,3272,KOTA SUKABUMI,TBM,0.0,HEKTAR,2017
383,32,JAWA BARAT,3272,KOTA SUKABUMI,TM,0.0,HEKTAR,2017
384,32,JAWA BARAT,3272,KOTA SUKABUMI,TR/TTM,0.0,HEKTAR,2017
385,32,JAWA BARAT,3273,KOTA BANDUNG,TBM,0.0,HEKTAR,2017
386,32,JAWA BARAT,3273,KOTA BANDUNG,TM,0.0,HEKTAR,2017
387,32,JAWA BARAT,3273,KOTA BANDUNG,TR/TTM,0.0,HEKTAR,2017
388,32,JAWA BARAT,3274,KOTA CIREBON,TBM,0.0,HEKTAR,2017
389,32,JAWA BARAT,3274,KOTA CIREBON,TM,0.0,HEKTAR,2017
390,32,JAWA BARAT,3274,KOTA CIREBON,TR/TTM,0.0,HEKTAR,2017
391,32,JAWA BARAT,3275,KOTA BEKASI,TBM,0.0,HEKTAR,2017
392,32,JAWA BARAT,3275,KOTA BEKASI,TM,0.0,HEKTAR,2017
393,32,JAWA BARAT,3275,KOTA BEKASI,TR/TTM,0.0,HEKTAR,2017
394,32,JAWA BARAT,3276,KOTA DEPOK,TBM,0.0,HEKTAR,2017
395,32,JAWA BARAT,3276,KOTA DEPOK,TM,0.0,HEKTAR,2017
396,32,JAWA BARAT,3276,KOTA DEPOK,TR/TTM,0.0,HEKTAR,2017
397,32,JAWA BARAT,3277,KOTA CIMAHI,TBM,0.0,HEKTAR,2017
398,32,JAWA BARAT,3277,KOTA CIMAHI,TM,0.0,HEKTAR,2017
399,32,JAWA BARAT,3277,KOTA CIMAHI,TR/TTM,0.0,HEKTAR,2017
400,32,JAWA BARAT,3278,KOTA TASIKMALAYA,TBM,0.0,HEKTAR,2017
401,32,JAWA BARAT,3278,KOTA TASIKMALAYA,TM,0.0,HEKTAR,2017
402,32,JAWA BARAT,3278,KOTA TASIKMALAYA,TR/TTM,0.0,HEKTAR,2017
403,32,JAWA BARAT,3279,KOTA BANJAR,TBM,0.0,HEKTAR,2017
404,32,JAWA BARAT,3279,KOTA BANJAR,TM,0.0,HEKTAR,2017
405,32,JAWA BARAT,3279,KOTA BANJAR,TR/TTM,0.0,HEKTAR,2017
406,32,JAWA BARAT,3201,KABUPATEN BOGOR,TBM,2.0,HEKTAR,2018
407,32,JAWA BARAT,3201,KABUPATEN BOGOR,TM,35.0,HEKTAR,2018
408,32,JAWA BARAT,3201,KABUPATEN BOGOR,TR/TTM,5.0,HEKTAR,2018
409,32,JAWA BARAT,3202,KABUPATEN SUKABUMI,TBM,254.0,HEKTAR,2018
410,32,JAWA BARAT,3202,KABUPATEN SUKABUMI,TM,2795.0,HEKTAR,2018
411,32,JAWA BARAT,3202,KABUPATEN SUKABUMI,TR/TTM,5268.0,HEKTAR,2018
412,32,JAWA BARAT,3203,KABUPATEN CIANJUR,TBM,1418.0,HEKTAR,2018
413,32,JAWA BARAT,3203,KABUPATEN CIANJUR,TM,8057.0,HEKTAR,2018
414,32,JAWA BARAT,3203,KABUPATEN CIANJUR,TR/TTM,5152.0,HEKTAR,2018
415,32,JAWA BARAT,3204,KABUPATEN BANDUNG,TBM,0.0,HEKTAR,2018
416,32,JAWA BARAT,3204,KABUPATEN BANDUNG,TM,1652.0,HEKTAR,2018
417,32,JAWA BARAT,3204,KABUPATEN BANDUNG,TR/TTM,49.0,HEKTAR,2018
418,32,JAWA BARAT,3205,KABUPATEN GARUT,TBM,369.0,HEKTAR,2018
419,32,JAWA BARAT,3205,KABUPATEN GARUT,TM,2261.0,HEKTAR,2018
420,32,JAWA BARAT,3205,KABUPATEN GARUT,TR/TTM,496.0,HEKTAR,2018
421,32,JAWA BARAT,3206,KABUPATEN TASIKMALAYA,TBM,252.0,HEKTAR,2018
422,32,JAWA BARAT,3206,KABUPATEN TASIKMALAYA,TM,6662.0,HEKTAR,2018
423,32,JAWA BARAT,3206,KABUPATEN TASIKMALAYA,TR/TTM,2148.0,HEKTAR,2018
424,32,JAWA BARAT,3207,KABUPATEN CIAMIS,TBM,0.0,HEKTAR,2018
425,32,JAWA BARAT,3207,KABUPATEN CIAMIS,TM,87.0,HEKTAR,2018
426,32,JAWA BARAT,3207,KABUPATEN CIAMIS,TR/TTM,87.0,HEKTAR,2018
427,32,JAWA BARAT,3208,KABUPATEN KUNINGAN,TBM,0.0,HEKTAR,2018
428,32,JAWA BARAT,3208,KABUPATEN KUNINGAN,TM,0.0,HEKTAR,2018
429,32,JAWA BARAT,3208,KABUPATEN KUNINGAN,TR/TTM,0.0,HEKTAR,2018
430,32,JAWA BARAT,3209,KABUPATEN CIREBON,TBM,0.0,HEKTAR,2018
431,32,JAWA BARAT,3209,KABUPATEN CIREBON,TM,0.0,HEKTAR,2018
432,32,JAWA BARAT,3209,KABUPATEN CIREBON,TR/TTM,0.0,HEKTAR,2018
433,32,JAWA BARAT,3210,KABUPATEN MAJALENGKA,TBM,145.0,HEKTAR,2018
434,32,JAWA BARAT,3210,KABUPATEN MAJALENGKA,TM,275.0,HEKTAR,2018
435,32,JAWA BARAT,3210,KABUPATEN MAJALENGKA,TR/TTM,253.0,HEKTAR,2018
436,32,JAWA BARAT,3211,KABUPATEN SUMEDANG,TBM,20.0,HEKTAR,2018
437,32,JAWA BARAT,3211,KABUPATEN SUMEDANG,TM,325.0,HEKTAR,2018
438,32,JAWA BARAT,3211,KABUPATEN SUMEDANG,TR/TTM,180.0,HEKTAR,2018
439,32,JAWA BARAT,3212,KABUPATEN INDRAMAYU,TBM,0.0,HEKTAR,2018
440,32,JAWA BARAT,3212,KABUPATEN INDRAMAYU,TM,0.0,HEKTAR,2018
441,32,JAWA BARAT,3212,KABUPATEN INDRAMAYU,TR/TTM,0.0,HEKTAR,2018
442,32,JAWA BARAT,3213,KABUPATEN SUBANG,TBM,74.0,HEKTAR,2018
443,32,JAWA BARAT,3213,KABUPATEN SUBANG,TM,385.0,HEKTAR,2018
444,32,JAWA BARAT,3213,KABUPATEN SUBANG,TR/TTM,84.0,HEKTAR,2018
445,32,JAWA BARAT,3214,KABUPATEN PURWAKARTA,TBM,431.0,HEKTAR,2018
446,32,JAWA BARAT,3214,KABUPATEN PURWAKARTA,TM,3890.0,HEKTAR,2018
447,32,JAWA BARAT,3214,KABUPATEN PURWAKARTA,TR/TTM,184.0,HEKTAR,2018
448,32,JAWA BARAT,3215,KABUPATEN KARAWANG,TBM,0.0,HEKTAR,2018
449,32,JAWA BARAT,3215,KABUPATEN KARAWANG,TM,0.0,HEKTAR,2018
450,32,JAWA BARAT,3215,KABUPATEN KARAWANG,TR/TTM,0.0,HEKTAR,2018
451,32,JAWA BARAT,3216,KABUPATEN BEKASI,TBM,0.0,HEKTAR,2018
452,32,JAWA BARAT,3216,KABUPATEN BEKASI,TM,0.0,HEKTAR,2018
453,32,JAWA BARAT,3216,KABUPATEN BEKASI,TR/TTM,0.0,HEKTAR,2018
454,32,JAWA BARAT,3217,KABUPATEN BANDUNG BARAT,TBM,424.0,HEKTAR,2018
455,32,JAWA BARAT,3217,KABUPATEN BANDUNG BARAT,TM,1404.0,HEKTAR,2018
456,32,JAWA BARAT,3217,KABUPATEN BANDUNG BARAT,TR/TTM,47.0,HEKTAR,2018
457,32,JAWA BARAT,3218,KABUPATEN PANGANDARAN,TBM,0.0,HEKTAR,2018
458,32,JAWA BARAT,3218,KABUPATEN PANGANDARAN,TM,0.0,HEKTAR,2018
459,32,JAWA BARAT,3218,KABUPATEN PANGANDARAN,TR/TTM,0.0,HEKTAR,2018
460,32,JAWA BARAT,3271,KOTA BOGOR,TBM,0.0,HEKTAR,2018
461,32,JAWA BARAT,3271,KOTA BOGOR,TM,0.0,HEKTAR,2018
462,32,JAWA BARAT,3271,KOTA BOGOR,TR/TTM,0.0,HEKTAR,2018
463,32,JAWA BARAT,3272,KOTA SUKABUMI,TBM,0.0,HEKTAR,2018
464,32,JAWA BARAT,3272,KOTA SUKABUMI,TM,0.0,HEKTAR,2018
465,32,JAWA BARAT,3272,KOTA SUKABUMI,TR/TTM,0.0,HEKTAR,2018
466,32,JAWA BARAT,3273,KOTA BANDUNG,TBM,0.0,HEKTAR,2018
467,32,JAWA BARAT,3273,KOTA BANDUNG,TM,0.0,HEKTAR,2018
468,32,JAWA BARAT,3273,KOTA BANDUNG,TR/TTM,0.0,HEKTAR,2018
469,32,JAWA BARAT,3274,KOTA CIREBON,TBM,0.0,HEKTAR,2018
470,32,JAWA BARAT,3274,KOTA CIREBON,TM,0.0,HEKTAR,2018
471,32,JAWA BARAT,3274,KOTA CIREBON,TR/TTM,0.0,HEKTAR,2018
472,32,JAWA BARAT,3275,KOTA BEKASI,TBM,0.0,HEKTAR,2018
473,32,JAWA BARAT,3275,KOTA BEKASI,TM,0.0,HEKTAR,2018
474,32,JAWA BARAT,3275,KOTA BEKASI,TR/TTM,0.0,HEKTAR,2018
475,32,JAWA BARAT,3276,KOTA DEPOK,TBM,0.0,HEKTAR,2018
476,32,JAWA BARAT,3276,KOTA DEPOK,TM,0.0,HEKTAR,2018
477,32,JAWA BARAT,3276,KOTA DEPOK,TR/TTM,0.0,HEKTAR,2018
478,32,JAWA BARAT,3277,KOTA CIMAHI,TBM,0.0,HEKTAR,2018
479,32,JAWA BARAT,3277,KOTA CIMAHI,TM,0.0,HEKTAR,2018
480,32,JAWA BARAT,3277,KOTA CIMAHI,TR/TTM,0.0,HEKTAR,2018
481,32,JAWA BARAT,3278,KOTA TASIKMALAYA,TBM,0.0,HEKTAR,2018
482,32,JAWA BARAT,3278,KOTA TASIKMALAYA,TM,0.0,HEKTAR,2018
483,32,JAWA BARAT,3278,KOTA TASIKMALAYA,TR/TTM,0.0,HEKTAR,2018
484,32,JAWA BARAT,3279,KOTA BANJAR,TBM,0.0,HEKTAR,2018
485,32,JAWA BARAT,3279,KOTA BANJAR,TM,0.0,HEKTAR,2018
486,32,JAWA BARAT,3279,KOTA BANJAR,TR/TTM,0.0,HEKTAR,2018
487,32,JAWA BARAT,3201,KABUPATEN BOGOR,TBM,2.0,HEKTAR,2019
488,32,JAWA BARAT,3201,KABUPATEN BOGOR,TM,12.0,HEKTAR,2019
489,32,JAWA BARAT,3201,KABUPATEN BOGOR,TR/TTM,25.0,HEKTAR,2019
490,32,JAWA BARAT,3202,KABUPATEN SUKABUMI,TBM,94.0,HEKTAR,2019
491,32,JAWA BARAT,3202,KABUPATEN SUKABUMI,TM,2965.0,HEKTAR,2019
492,32,JAWA BARAT,3202,KABUPATEN SUKABUMI,TR/TTM,5268.0,HEKTAR,2019
493,32,JAWA BARAT,3203,KABUPATEN CIANJUR,TBM,1298.0,HEKTAR,2019
494,32,JAWA BARAT,3203,KABUPATEN CIANJUR,TM,8072.0,HEKTAR,2019
495,32,JAWA BARAT,3203,KABUPATEN CIANJUR,TR/TTM,5257.0,HEKTAR,2019
496,32,JAWA BARAT,3204,KABUPATEN BANDUNG,TBM,0.0,HEKTAR,2019
497,32,JAWA BARAT,3204,KABUPATEN BANDUNG,TM,1652.0,HEKTAR,2019
498,32,JAWA BARAT,3204,KABUPATEN BANDUNG,TR/TTM,49.0,HEKTAR,2019
499,32,JAWA BARAT,3205,KABUPATEN GARUT,TBM,361.0,HEKTAR,2019
500,32,JAWA BARAT,3205,KABUPATEN GARUT,TM,2261.0,HEKTAR,2019
501,32,JAWA BARAT,3205,KABUPATEN GARUT,TR/TTM,503.0,HEKTAR,2019
502,32,JAWA BARAT,3206,KABUPATEN TASIKMALAYA,TBM,252.0,HEKTAR,2019
503,32,JAWA BARAT,3206,KABUPATEN TASIKMALAYA,TM,6662.0,HEKTAR,2019
504,32,JAWA BARAT,3206,KABUPATEN TASIKMALAYA,TR/TTM,2148.0,HEKTAR,2019
505,32,JAWA BARAT,3207,KABUPATEN CIAMIS,TBM,0.0,HEKTAR,2019
506,32,JAWA BARAT,3207,KABUPATEN CIAMIS,TM,83.0,HEKTAR,2019
507,32,JAWA BARAT,3207,KABUPATEN CIAMIS,TR/TTM,91.0,HEKTAR,2019
508,32,JAWA BARAT,3208,KABUPATEN KUNINGAN,TBM,0.0,HEKTAR,2019
509,32,JAWA BARAT,3208,KABUPATEN KUNINGAN,TM,0.0,HEKTAR,2019
510,32,JAWA BARAT,3208,KABUPATEN KUNINGAN,TR/TTM,0.0,HEKTAR,2019
511,32,JAWA BARAT,3209,KABUPATEN CIREBON,TBM,0.0,HEKTAR,2019
512,32,JAWA BARAT,3209,KABUPATEN CIREBON,TM,0.0,HEKTAR,2019
513,32,JAWA BARAT,3209,KABUPATEN CIREBON,TR/TTM,0.0,HEKTAR,2019
514,32,JAWA BARAT,3210,KABUPATEN MAJALENGKA,TBM,145.0,HEKTAR,2019
515,32,JAWA BARAT,3210,KABUPATEN MAJALENGKA,TM,275.0,HEKTAR,2019
516,32,JAWA BARAT,3210,KABUPATEN MAJALENGKA,TR/TTM,253.0,HEKTAR,2019
517,32,JAWA BARAT,3211,KABUPATEN SUMEDANG,TBM,19.0,HEKTAR,2019
518,32,JAWA BARAT,3211,KABUPATEN SUMEDANG,TM,326.0,HEKTAR,2019
519,32,JAWA BARAT,3211,KABUPATEN SUMEDANG,TR/TTM,180.0,HEKTAR,2019
520,32,JAWA BARAT,3212,KABUPATEN INDRAMAYU,TBM,0.0,HEKTAR,2019
521,32,JAWA BARAT,3212,KABUPATEN INDRAMAYU,TM,0.0,HEKTAR,2019
522,32,JAWA BARAT,3212,KABUPATEN INDRAMAYU,TR/TTM,0.0,HEKTAR,2019
523,32,JAWA BARAT,3213,KABUPATEN SUBANG,TBM,79.0,HEKTAR,2019
524,32,JAWA BARAT,3213,KABUPATEN SUBANG,TM,385.0,HEKTAR,2019
525,32,JAWA BARAT,3213,KABUPATEN SUBANG,TR/TTM,84.0,HEKTAR,2019
526,32,JAWA BARAT,3214,KABUPATEN PURWAKARTA,TBM,437.0,HEKTAR,2019
527,32,JAWA BARAT,3214,KABUPATEN PURWAKARTA,TM,3288.0,HEKTAR,2019
528,32,JAWA BARAT,3214,KABUPATEN PURWAKARTA,TR/TTM,783.0,HEKTAR,2019
529,32,JAWA BARAT,3215,KABUPATEN KARAWANG,TBM,0.0,HEKTAR,2019
530,32,JAWA BARAT,3215,KABUPATEN KARAWANG,TM,0.0,HEKTAR,2019
531,32,JAWA BARAT,3215,KABUPATEN KARAWANG,TR/TTM,0.0,HEKTAR,2019
532,32,JAWA BARAT,3216,KABUPATEN BEKASI,TBM,0.0,HEKTAR,2019
533,32,JAWA BARAT,3216,KABUPATEN BEKASI,TM,0.0,HEKTAR,2019
534,32,JAWA BARAT,3216,KABUPATEN BEKASI,TR/TTM,0.0,HEKTAR,2019
535,32,JAWA BARAT,3217,KABUPATEN BANDUNG BARAT,TBM,389.0,HEKTAR,2019
536,32,JAWA BARAT,3217,KABUPATEN BANDUNG BARAT,TM,1440.0,HEKTAR,2019
537,32,JAWA BARAT,3217,KABUPATEN BANDUNG BARAT,TR/TTM,103.0,HEKTAR,2019
538,32,JAWA BARAT,3218,KABUPATEN PANGANDARAN,TBM,0.0,HEKTAR,2019
539,32,JAWA BARAT,3218,KABUPATEN PANGANDARAN,TM,0.0,HEKTAR,2019
540,32,JAWA BARAT,3218,KABUPATEN PANGANDARAN,TR/TTM,0.0,HEKTAR,2019
541,32,JAWA BARAT,3271,KOTA BOGOR,TBM,0.0,HEKTAR,2019
542,32,JAWA BARAT,3271,KOTA BOGOR,TM,0.0,HEKTAR,2019
543,32,JAWA BARAT,3271,KOTA BOGOR,TR/TTM,0.0,HEKTAR,2019
544,32,JAWA BARAT,3272,KOTA SUKABUMI,TBM,0.0,HEKTAR,2019
545,32,JAWA BARAT,3272,KOTA SUKABUMI,TM,0.0,HEKTAR,2019
546,32,JAWA BARAT,3272,KOTA SUKABUMI,TR/TTM,0.0,HEKTAR,2019
547,32,JAWA BARAT,3273,KOTA BANDUNG,TBM,0.0,HEKTAR,2019
548,32,JAWA BARAT,3273,KOTA BANDUNG,TM,0.0,HEKTAR,2019
549,32,JAWA BARAT,3273,KOTA BANDUNG,TR/TTM,0.0,HEKTAR,2019
550,32,JAWA BARAT,3274,KOTA CIREBON,TBM,0.0,HEKTAR,2019
551,32,JAWA BARAT,3274,KOTA CIREBON,TM,0.0,HEKTAR,2019
552,32,JAWA BARAT,3274,KOTA CIREBON,TR/TTM,0.0,HEKTAR,2019
553,32,JAWA BARAT,3275,KOTA BEKASI,TBM,0.0,HEKTAR,2019
554,32,JAWA BARAT,3275,KOTA BEKASI,TM,0.0,HEKTAR,2019
555,32,JAWA BARAT,3275,KOTA BEKASI,TR/TTM,0.0,HEKTAR,2019
556,32,JAWA BARAT,3276,KOTA DEPOK,TBM,0.0,HEKTAR,2019
557,32,JAWA BARAT,3276,KOTA DEPOK,TM,0.0,HEKTAR,2019
558,32,JAWA BARAT,3276,KOTA DEPOK,TR/TTM,0.0,HEKTAR,2019
559,32,JAWA BARAT,3277,KOTA CIMAHI,TBM,0.0,HEKTAR,2019
560,32,JAWA BARAT,3277,KOTA CIMAHI,TM,0.0,HEKTAR,2019
561,32,JAWA BARAT,3277,KOTA CIMAHI,TR/TTM,0.0,HEKTAR,2019
562,32,JAWA BARAT,3278,KOTA TASIKMALAYA,TBM,0.0,HEKTAR,2019
563,32,JAWA BARAT,3278,KOTA TASIKMALAYA,TM,0.0,HEKTAR,2019
564,32,JAWA BARAT,3278,KOTA TASIKMALAYA,TR/TTM,0.0,HEKTAR,2019
565,32,JAWA BARAT,3279,KOTA BANJAR,TBM,0.0,HEKTAR,2019
566,32,JAWA BARAT,3279,KOTA BANJAR,TM,0.0,HEKTAR,2019
567,32,JAWA BARAT,3279,KOTA BANJAR,TR/TTM,0.0,HEKTAR,2019
568,32,JAWA BARAT,3201,KABUPATEN BOGOR,TBM,0.0,HEKTAR,2020
569,32,JAWA BARAT,3201,KABUPATEN BOGOR,TM,6.0,HEKTAR,2020
570,32,JAWA BARAT,3201,KABUPATEN BOGOR,TR/TTM,9.0,HEKTAR,2020
571,32,JAWA BARAT,3202,KABUPATEN SUKABUMI,TBM,97.0,HEKTAR,2020
572,32,JAWA BARAT,3202,KABUPATEN SUKABUMI,TM,2965.0,HEKTAR,2020
573,32,JAWA BARAT,3202,KABUPATEN SUKABUMI,TR/TTM,5268.0,HEKTAR,2020
574,32,JAWA BARAT,3203,KABUPATEN CIANJUR,TBM,1396.0,HEKTAR,2020
575,32,JAWA BARAT,3203,KABUPATEN CIANJUR,TM,8072.0,HEKTAR,2020
576,32,JAWA BARAT,3203,KABUPATEN CIANJUR,TR/TTM,5157.0,HEKTAR,2020
577,32,JAWA BARAT,3204,KABUPATEN BANDUNG,TBM,0.0,HEKTAR,2020
578,32,JAWA BARAT,3204,KABUPATEN BANDUNG,TM,1652.0,HEKTAR,2020
579,32,JAWA BARAT,3204,KABUPATEN BANDUNG,TR/TTM,49.0,HEKTAR,2020
580,32,JAWA BARAT,3205,KABUPATEN GARUT,TBM,21.0,HEKTAR,2020
581,32,JAWA BARAT,3205,KABUPATEN GARUT,TM,2581.0,HEKTAR,2020
582,32,JAWA BARAT,3205,KABUPATEN GARUT,TR/TTM,525.0,HEKTAR,2020
583,32,JAWA BARAT,3206,KABUPATEN TASIKMALAYA,TBM,252.0,HEKTAR,2020
584,32,JAWA BARAT,3206,KABUPATEN TASIKMALAYA,TM,6662.0,HEKTAR,2020
585,32,JAWA BARAT,3206,KABUPATEN TASIKMALAYA,TR/TTM,2148.0,HEKTAR,2020
586,32,JAWA BARAT,3207,KABUPATEN CIAMIS,TBM,0.0,HEKTAR,2020
587,32,JAWA BARAT,3207,KABUPATEN CIAMIS,TM,83.0,HEKTAR,2020
588,32,JAWA BARAT,3207,KABUPATEN CIAMIS,TR/TTM,91.0,HEKTAR,2020
589,32,JAWA BARAT,3208,KABUPATEN KUNINGAN,TBM,0.0,HEKTAR,2020
590,32,JAWA BARAT,3208,KABUPATEN KUNINGAN,TM,0.0,HEKTAR,2020
591,32,JAWA BARAT,3208,KABUPATEN KUNINGAN,TR/TTM,0.0,HEKTAR,2020
592,32,JAWA BARAT,3209,KABUPATEN CIREBON,TBM,0.0,HEKTAR,2020
593,32,JAWA BARAT,3209,KABUPATEN CIREBON,TM,0.0,HEKTAR,2020
594,32,JAWA BARAT,3209,KABUPATEN CIREBON,TR/TTM,0.0,HEKTAR,2020
595,32,JAWA BARAT,3210,KABUPATEN MAJALENGKA,TBM,145.0,HEKTAR,2020
596,32,JAWA BARAT,3210,KABUPATEN MAJALENGKA,TM,275.0,HEKTAR,2020
597,32,JAWA BARAT,3210,KABUPATEN MAJALENGKA,TR/TTM,242.0,HEKTAR,2020
598,32,JAWA BARAT,3211,KABUPATEN SUMEDANG,TBM,19.0,HEKTAR,2020
599,32,JAWA BARAT,3211,KABUPATEN SUMEDANG,TM,326.0,HEKTAR,2020
600,32,JAWA BARAT,3211,KABUPATEN SUMEDANG,TR/TTM,180.0,HEKTAR,2020
601,32,JAWA BARAT,3212,KABUPATEN INDRAMAYU,TBM,0.0,HEKTAR,2020
602,32,JAWA BARAT,3212,KABUPATEN INDRAMAYU,TM,0.0,HEKTAR,2020
603,32,JAWA BARAT,3212,KABUPATEN INDRAMAYU,TR/TTM,0.0,HEKTAR,2020
604,32,JAWA BARAT,3213,KABUPATEN SUBANG,TBM,77.0,HEKTAR,2020
605,32,JAWA BARAT,3213,KABUPATEN SUBANG,TM,388.0,HEKTAR,2020
606,32,JAWA BARAT,3213,KABUPATEN SUBANG,TR/TTM,81.0,HEKTAR,2020
607,32,JAWA BARAT,3214,KABUPATEN PURWAKARTA,TBM,352.0,HEKTAR,2020
608,32,JAWA BARAT,3214,KABUPATEN PURWAKARTA,TM,3370.0,HEKTAR,2020
609,32,JAWA BARAT,3214,KABUPATEN PURWAKARTA,TR/TTM,755.0,HEKTAR,2020
610,32,JAWA BARAT,3215,KABUPATEN KARAWANG,TBM,0.0,HEKTAR,2020
611,32,JAWA BARAT,3215,KABUPATEN KARAWANG,TM,0.0,HEKTAR,2020
612,32,JAWA BARAT,3215,KABUPATEN KARAWANG,TR/TTM,0.0,HEKTAR,2020
613,32,JAWA BARAT,3216,KABUPATEN BEKASI,TBM,0.0,HEKTAR,2020
614,32,JAWA BARAT,3216,KABUPATEN BEKASI,TM,0.0,HEKTAR,2020
615,32,JAWA BARAT,3216,KABUPATEN BEKASI,TR/TTM,0.0,HEKTAR,2020
616,32,JAWA BARAT,3217,KABUPATEN BANDUNG BARAT,TBM,371.0,HEKTAR,2020
617,32,JAWA BARAT,3217,KABUPATEN BANDUNG BARAT,TM,1460.0,HEKTAR,2020
618,32,JAWA BARAT,3217,KABUPATEN BANDUNG BARAT,TR/TTM,104.0,HEKTAR,2020
619,32,JAWA BARAT,3218,KABUPATEN PANGANDARAN,TBM,0.0,HEKTAR,2020
620,32,JAWA BARAT,3218,KABUPATEN PANGANDARAN,TM,0.0,HEKTAR,2020
621,32,JAWA BARAT,3218,KABUPATEN PANGANDARAN,TR/TTM,0.0,HEKTAR,2020
622,32,JAWA BARAT,3271,KOTA BOGOR,TBM,0.0,HEKTAR,2020
623,32,JAWA BARAT,3271,KOTA BOGOR,TM,0.0,HEKTAR,2020
624,32,JAWA BARAT,3271,KOTA BOGOR,TR/TTM,0.0,HEKTAR,2020
625,32,JAWA BARAT,3272,KOTA SUKABUMI,TBM,0.0,HEKTAR,2020
626,32,JAWA BARAT,3272,KOTA SUKABUMI,TM,0.0,HEKTAR,2020
627,32,JAWA BARAT,3272,KOTA SUKABUMI,TR/TTM,0.0,HEKTAR,2020
628,32,JAWA BARAT,3273,KOTA BANDUNG,TBM,0.0,HEKTAR,2020
629,32,JAWA BARAT,3273,KOTA BANDUNG,TM,0.0,HEKTAR,2020
630,32,JAWA BARAT,3273,KOTA BANDUNG,TR/TTM,0.0,HEKTAR,2020
631,32,JAWA BARAT,3274,KOTA CIREBON,TBM,0.0,HEKTAR,2020
632,32,JAWA BARAT,3274,KOTA CIREBON,TM,0.0,HEKTAR,2020
633,32,JAWA BARAT,3274,KOTA CIREBON,TR/TTM,0.0,HEKTAR,2020
634,32,JAWA BARAT,3275,KOTA BEKASI,TBM,0.0,HEKTAR,2020
635,32,JAWA BARAT,3275,KOTA BEKASI,TM,0.0,HEKTAR,2020
636,32,JAWA BARAT,3275,KOTA BEKASI,TR/TTM,0.0,HEKTAR,2020
637,32,JAWA BARAT,3276,KOTA DEPOK,TBM,0.0,HEKTAR,2020
638,32,JAWA BARAT,3276,KOTA DEPOK,TM,0.0,HEKTAR,2020
639,32,JAWA BARAT,3276,KOTA DEPOK,TR/TTM,0.0,HEKTAR,2020
640,32,JAWA BARAT,3277,KOTA CIMAHI,TBM,0.0,HEKTAR,2020
641,32,JAWA BARAT,3277,KOTA CIMAHI,TM,0.0,HEKTAR,2020
642,32,JAWA BARAT,3277,KOTA CIMAHI,TR/TTM,0.0,HEKTAR,2020
643,32,JAWA BARAT,3278,KOTA TASIKMALAYA,TBM,0.0,HEKTAR,2020
644,32,JAWA BARAT,3278,KOTA TASIKMALAYA,TM,0.0,HEKTAR,2020
645,32,JAWA BARAT,3278,KOTA TASIKMALAYA,TR/TTM,0.0,HEKTAR,2020
646,32,JAWA BARAT,3279,KOTA BANJAR,TBM,0.0,HEKTAR,2020
647,32,JAWA BARAT,3279,KOTA BANJAR,TM,0.0,HEKTAR,2020
648,32,JAWA BARAT,3279,KOTA BANJAR,TR/TTM,0.0,HEKTAR,2020
649,32,JAWA BARAT,3201,KABUPATEN BOGOR,TBM,0.0,HEKTAR,2021
650,32,JAWA BARAT,3201,KABUPATEN BOGOR,TM,7.0,HEKTAR,2021
651,32,JAWA BARAT,3201,KABUPATEN BOGOR,TR/TTM,1.0,HEKTAR,2021
652,32,JAWA BARAT,3202,KABUPATEN SUKABUMI,TBM,14.0,HEKTAR,2021
653,32,JAWA BARAT,3202,KABUPATEN SUKABUMI,TM,3048.0,HEKTAR,2021
654,32,JAWA BARAT,3202,KABUPATEN SUKABUMI,TR/TTM,5268.0,HEKTAR,2021
655,32,JAWA BARAT,3203,KABUPATEN CIANJUR,TBM,671.0,HEKTAR,2021
656,32,JAWA BARAT,3203,KABUPATEN CIANJUR,TM,8689.0,HEKTAR,2021
657,32,JAWA BARAT,3203,KABUPATEN CIANJUR,TR/TTM,5265.0,HEKTAR,2021
658,32,JAWA BARAT,3204,KABUPATEN BANDUNG,TBM,0.0,HEKTAR,2021
659,32,JAWA BARAT,3204,KABUPATEN BANDUNG,TM,1679.0,HEKTAR,2021
660,32,JAWA BARAT,3204,KABUPATEN BANDUNG,TR/TTM,38.0,HEKTAR,2021
661,32,JAWA BARAT,3205,KABUPATEN GARUT,TBM,4.0,HEKTAR,2021
662,32,JAWA BARAT,3205,KABUPATEN GARUT,TM,2387.0,HEKTAR,2021
663,32,JAWA BARAT,3205,KABUPATEN GARUT,TR/TTM,844.0,HEKTAR,2021
664,32,JAWA BARAT,3206,KABUPATEN TASIKMALAYA,TBM,252.0,HEKTAR,2021
665,32,JAWA BARAT,3206,KABUPATEN TASIKMALAYA,TM,6662.0,HEKTAR,2021
666,32,JAWA BARAT,3206,KABUPATEN TASIKMALAYA,TR/TTM,2148.0,HEKTAR,2021
667,32,JAWA BARAT,3207,KABUPATEN CIAMIS,TBM,0.0,HEKTAR,2021
668,32,JAWA BARAT,3207,KABUPATEN CIAMIS,TM,43.0,HEKTAR,2021
669,32,JAWA BARAT,3207,KABUPATEN CIAMIS,TR/TTM,101.0,HEKTAR,2021
670,32,JAWA BARAT,3208,KABUPATEN KUNINGAN,TBM,0.0,HEKTAR,2021
671,32,JAWA BARAT,3208,KABUPATEN KUNINGAN,TM,0.0,HEKTAR,2021
672,32,JAWA BARAT,3208,KABUPATEN KUNINGAN,TR/TTM,0.0,HEKTAR,2021
673,32,JAWA BARAT,3209,KABUPATEN CIREBON,TBM,0.0,HEKTAR,2021
674,32,JAWA BARAT,3209,KABUPATEN CIREBON,TM,0.0,HEKTAR,2021
675,32,JAWA BARAT,3209,KABUPATEN CIREBON,TR/TTM,0.0,HEKTAR,2021
676,32,JAWA BARAT,3210,KABUPATEN MAJALENGKA,TBM,145.0,HEKTAR,2021
677,32,JAWA BARAT,3210,KABUPATEN MAJALENGKA,TM,275.0,HEKTAR,2021
678,32,JAWA BARAT,3210,KABUPATEN MAJALENGKA,TR/TTM,242.0,HEKTAR,2021
679,32,JAWA BARAT,3211,KABUPATEN SUMEDANG,TBM,19.0,HEKTAR,2021
680,32,JAWA BARAT,3211,KABUPATEN SUMEDANG,TM,326.0,HEKTAR,2021
681,32,JAWA BARAT,3211,KABUPATEN SUMEDANG,TR/TTM,180.0,HEKTAR,2021
682,32,JAWA BARAT,3212,KABUPATEN INDRAMAYU,TBM,0.0,HEKTAR,2021
683,32,JAWA BARAT,3212,KABUPATEN INDRAMAYU,TM,0.0,HEKTAR,2021
684,32,JAWA BARAT,3212,KABUPATEN INDRAMAYU,TR/TTM,0.0,HEKTAR,2021
685,32,JAWA BARAT,3213,KABUPATEN SUBANG,TBM,77.0,HEKTAR,2021
686,32,JAWA BARAT,3213,KABUPATEN SUBANG,TM,388.0,HEKTAR,2021
687,32,JAWA BARAT,3213,KABUPATEN SUBANG,TR/TTM,81.0,HEKTAR,2021
688,32,JAWA BARAT,3214,KABUPATEN PURWAKARTA,TBM,271.0,HEKTAR,2021
689,32,JAWA BARAT,3214,KABUPATEN PURWAKARTA,TM,3367.0,HEKTAR,2021
690,32,JAWA BARAT,3214,KABUPATEN PURWAKARTA,TR/TTM,828.0,HEKTAR,2021
691,32,JAWA BARAT,3215,KABUPATEN KARAWANG,TBM,0.0,HEKTAR,2021
692,32,JAWA BARAT,3215,KABUPATEN KARAWANG,TM,0.0,HEKTAR,2021
693,32,JAWA BARAT,3215,KABUPATEN KARAWANG,TR/TTM,0.0,HEKTAR,2021
694,32,JAWA BARAT,3216,KABUPATEN BEKASI,TBM,0.0,HEKTAR,2021
695,32,JAWA BARAT,3216,KABUPATEN BEKASI,TM,0.0,HEKTAR,2021
696,32,JAWA BARAT,3216,KABUPATEN BEKASI,TR/TTM,0.0,HEKTAR,2021
697,32,JAWA BARAT,3217,KABUPATEN BANDUNG BARAT,TBM,362.0,HEKTAR,2021
698,32,JAWA BARAT,3217,KABUPATEN BANDUNG BARAT,TM,1460.0,HEKTAR,2021
699,32,JAWA BARAT,3217,KABUPATEN BANDUNG BARAT,TR/TTM,99.0,HEKTAR,2021
700,32,JAWA BARAT,3218,KABUPATEN PANGANDARAN,TBM,0.0,HEKTAR,2021
701,32,JAWA BARAT,3218,KABUPATEN PANGANDARAN,TM,0.0,HEKTAR,2021
702,32,JAWA BARAT,3218,KABUPATEN PANGANDARAN,TR/TTM,0.0,HEKTAR,2021
703,32,JAWA BARAT,3271,KOTA BOGOR,TBM,0.0,HEKTAR,2021
704,32,JAWA BARAT,3271,KOTA BOGOR,TM,0.0,HEKTAR,2021
705,32,JAWA BARAT,3271,KOTA BOGOR,TR/TTM,0.0,HEKTAR,2021
706,32,JAWA BARAT,3272,KOTA SUKABUMI,TBM,0.0,HEKTAR,2021
707,32,JAWA BARAT,3272,KOTA SUKABUMI,TM,0.0,HEKTAR,2021
708,32,JAWA BARAT,3272,KOTA SUKABUMI,TR/TTM,0.0,HEKTAR,2021
709,32,JAWA BARAT,3273,KOTA BANDUNG,TBM,0.0,HEKTAR,2021
710,711,JAWA BARAT,3273,KOTA BANDUNG,TM,0.0,HEKTAR,2021
711,32,JAWA BARAT,3273,KOTA BANDUNG,TR/TTM,0.0,HEKTAR,2021
712,32,JAWA BARAT,3274,KOTA CIREBON,TBM,0.0,HEKTAR,2021
713,32,JAWA BARAT,3274,KOTA CIREBON,TM,0.0,HEKTAR,2021
714,32,JAWA BARAT,3274,KOTA CIREBON,TR/TTM,0.0,HEKTAR,2021
715,32,JAWA BARAT,3275,KOTA BEKASI,TBM,0.0,HEKTAR,2021
716,32,JAWA BARAT,3275,KOTA BEKASI,TM,0.0,HEKTAR,2021
717,32,JAWA BARAT,3275,KOTA BEKASI,TR/TTM,0.0,HEKTAR,2021
718,32,JAWA BARAT,3276,KOTA DEPOK,TBM,0.0,HEKTAR,2021
719,32,JAWA BARAT,3276,KOTA DEPOK,TM,0.0,HEKTAR,2021
720,32,JAWA BARAT,3276,KOTA DEPOK,TR/TTM,0.0,HEKTAR,2021
721,32,JAWA BARAT,3277,KOTA CIMAHI,TBM,0.0,HEKTAR,2021
722,32,JAWA BARAT,3277,KOTA CIMAHI,TM,0.0,HEKTAR,2021
723,32,JAWA BARAT,3277,KOTA CIMAHI,TR/TTM,0.0,HEKTAR,2021
724,32,JAWA BARAT,3278,KOTA TASIKMALAYA,TBM,0.0,HEKTAR,2021
725,32,JAWA BARAT,3278,KOTA TASIKMALAYA,TM,0.0,HEKTAR,2021
726,32,JAWA BARAT,3278,KOTA TASIKMALAYA,TR/TTM,0.0,HEKTAR,2021
727,32,JAWA BARAT,3279,KOTA BANJAR,TBM,0.0,HEKTAR,2021
728,32,JAWA BARAT,3279,KOTA BANJAR,TM,0.0,HEKTAR,2021
729,32,JAWA BARAT,3279,KOTA BANJAR,TR/TTM,0.0,HEKTAR,2021
730,32,JAWA BARAT,3201,KABUPATEN BOGOR,TBM,0.0,HEKTAR,2022
731,32,JAWA BARAT,3201,KABUPATEN BOGOR,TM,8.0,HEKTAR,2022
732,32,JAWA BARAT,3201,KABUPATEN BOGOR,TR/TTM,0.0,HEKTAR,2022
733,32,JAWA BARAT,3202,KABUPATEN SUKABUMI,TBM,14.0,HEKTAR,2022
734,32,JAWA BARAT,3202,KABUPATEN SUKABUMI,TM,3026.0,HEKTAR,2022
735,32,JAWA BARAT,3202,KABUPATEN SUKABUMI,TR/TTM,5290.0,HEKTAR,2022
736,32,JAWA BARAT,3203,KABUPATEN CIANJUR,TBM,576.0,HEKTAR,2022
737,32,JAWA BARAT,3203,KABUPATEN CIANJUR,TM,8784.0,HEKTAR,2022
738,32,JAWA BARAT,3203,KABUPATEN CIANJUR,TR/TTM,5265.0,HEKTAR,2022
739,32,JAWA BARAT,3204,KABUPATEN BANDUNG,TBM,0.0,HEKTAR,2022
740,32,JAWA BARAT,3204,KABUPATEN BANDUNG,TM,1679.0,HEKTAR,2022
741,32,JAWA BARAT,3204,KABUPATEN BANDUNG,TR/TTM,38.0,HEKTAR,2022
742,32,JAWA BARAT,3205,KABUPATEN GARUT,TBM,32.0,HEKTAR,2022
743,32,JAWA BARAT,3205,KABUPATEN GARUT,TM,2091.0,HEKTAR,2022
744,32,JAWA BARAT,3205,KABUPATEN GARUT,TR/TTM,607.0,HEKTAR,2022
745,32,JAWA BARAT,3206,KABUPATEN TASIKMALAYA,TBM,352.0,HEKTAR,2022
746,32,JAWA BARAT,3206,KABUPATEN TASIKMALAYA,TM,6602.0,HEKTAR,2022
747,32,JAWA BARAT,3206,KABUPATEN TASIKMALAYA,TR/TTM,2108.0,HEKTAR,2022
748,32,JAWA BARAT,3207,KABUPATEN CIAMIS,TBM,0.0,HEKTAR,2022
749,32,JAWA BARAT,3207,KABUPATEN CIAMIS,TM,42.0,HEKTAR,2022
750,32,JAWA BARAT,3207,KABUPATEN CIAMIS,TR/TTM,95.0,HEKTAR,2022
751,32,JAWA BARAT,3208,KABUPATEN KUNINGAN,TBM,0.0,HEKTAR,2022
752,32,JAWA BARAT,3208,KABUPATEN KUNINGAN,TM,0.0,HEKTAR,2022
753,32,JAWA BARAT,3208,KABUPATEN KUNINGAN,TR/TTM,0.0,HEKTAR,2022
754,32,JAWA BARAT,3209,KABUPATEN CIREBON,TBM,0.0,HEKTAR,2022
755,32,JAWA BARAT,3209,KABUPATEN CIREBON,TM,0.0,HEKTAR,2022
756,32,JAWA BARAT,3209,KABUPATEN CIREBON,TR/TTM,0.0,HEKTAR,2022
757,32,JAWA BARAT,3210,KABUPATEN MAJALENGKA,TBM,145.0,HEKTAR,2022
758,32,JAWA BARAT,3210,KABUPATEN MAJALENGKA,TM,275.0,HEKTAR,2022
759,32,JAWA BARAT,3210,KABUPATEN MAJALENGKA,TR/TTM,242.0,HEKTAR,2022
760,32,JAWA BARAT,3211,KABUPATEN SUMEDANG,TBM,19.0,HEKTAR,2022
761,32,JAWA BARAT,3211,KABUPATEN SUMEDANG,TM,326.0,HEKTAR,2022
762,32,JAWA BARAT,3211,KABUPATEN SUMEDANG,TR/TTM,180.0,HEKTAR,2022
763,32,JAWA BARAT,3212,KABUPATEN INDRAMAYU,TBM,0.0,HEKTAR,2022
764,32,JAWA BARAT,3212,KABUPATEN INDRAMAYU,TM,0.0,HEKTAR,2022
765,32,JAWA BARAT,3212,KABUPATEN INDRAMAYU,TR/TTM,0.0,HEKTAR,2022
766,32,JAWA BARAT,3213,KABUPATEN SUBANG,TBM,76.0,HEKTAR,2022
767,32,JAWA BARAT,3213,KABUPATEN SUBANG,TM,387.0,HEKTAR,2022
768,32,JAWA BARAT,3213,KABUPATEN SUBANG,TR/TTM,82.0,HEKTAR,2022
769,32,JAWA BARAT,3214,KABUPATEN PURWAKARTA,TBM,254.0,HEKTAR,2022
770,32,JAWA BARAT,3214,KABUPATEN PURWAKARTA,TM,3370.0,HEKTAR,2022
771,32,JAWA BARAT,3214,KABUPATEN PURWAKARTA,TR/TTM,823.0,HEKTAR,2022
772,32,JAWA BARAT,3215,KABUPATEN KARAWANG,TBM,0.0,HEKTAR,2022
773,32,JAWA BARAT,3215,KABUPATEN KARAWANG,TM,0.0,HEKTAR,2022
774,32,JAWA BARAT,3215,KABUPATEN KARAWANG,TR/TTM,0.0,HEKTAR,2022
775,32,JAWA BARAT,3216,KABUPATEN BEKASI,TBM,0.0,HEKTAR,2022
776,32,JAWA BARAT,3216,KABUPATEN BEKASI,TM,0.0,HEKTAR,2022
777,32,JAWA BARAT,3216,KABUPATEN BEKASI,TR/TTM,0.0,HEKTAR,2022
778,32,JAWA BARAT,3217,KABUPATEN BANDUNG BARAT,TBM,352.0,HEKTAR,2022
779,32,JAWA BARAT,3217,KABUPATEN BANDUNG BARAT,TM,1453.0,HEKTAR,2022
780,32,JAWA BARAT,3217,KABUPATEN BANDUNG BARAT,TR/TTM,100.0,HEKTAR,2022
781,32,JAWA BARAT,3218,KABUPATEN PANGANDARAN,TBM,0.0,HEKTAR,2022
782,32,JAWA BARAT,3218,KABUPATEN PANGANDARAN,TM,0.0,HEKTAR,2022
783,32,JAWA BARAT,3218,KABUPATEN PANGANDARAN,TR/TTM,0.0,HEKTAR,2022
784,32,JAWA BARAT,3271,KOTA BOGOR,TBM,0.0,HEKTAR,2022
785,32,JAWA BARAT,3271,KOTA BOGOR,TM,0.0,HEKTAR,2022
786,32,JAWA BARAT,3271,KOTA BOGOR,TR/TTM,0.0,HEKTAR,2022
787,32,JAWA BARAT,3272,KOTA SUKABUMI,TBM,0.0,HEKTAR,2022
788,32,JAWA BARAT,3272,KOTA SUKABUMI,TM,0.0,HEKTAR,2022
789,32,JAWA BARAT,3272,KOTA SUKABUMI,TR/TTM,0.0,HEKTAR,2022
790,32,JAWA BARAT,3273,KOTA BANDUNG,TBM,0.0,HEKTAR,2022
791,32,JAWA BARAT,3273,KOTA BANDUNG,TM,0.0,HEKTAR,2022
792,32,JAWA BARAT,3273,KOTA BANDUNG,TR/TTM,0.0,HEKTAR,2022
793,32,JAWA BARAT,3274,KOTA CIREBON,TBM,0.0,HEKTAR,2022
794,32,JAWA BARAT,3274,KOTA CIREBON,TM,0.0,HEKTAR,2022
795,32,JAWA BARAT,3274,KOTA CIREBON,TR/TTM,0.0,HEKTAR,2022
796,32,JAWA BARAT,3275,KOTA BEKASI,TBM,0.0,HEKTAR,2022
797,32,JAWA BARAT,3275,KOTA BEKASI,TM,0.0,HEKTAR,2022
798,32,JAWA BARAT,3275,KOTA BEKASI,TR/TTM,0.0,HEKTAR,2022
799,32,JAWA BARAT,3276,KOTA DEPOK,TBM,0.0,HEKTAR,2022
800,32,JAWA BARAT,3276,KOTA DEPOK,TM,0.0,HEKTAR,2022
801,32,JAWA BARAT,3276,KOTA DEPOK,TR/TTM,0.0,HEKTAR,2022
802,32,JAWA BARAT,3277,KOTA CIMAHI,TBM,0.0,HEKTAR,2022
803,32,JAWA BARAT,3277,KOTA CIMAHI,TM,0.0,HEKTAR,2022
804,32,JAWA BARAT,3277,KOTA CIMAHI,TR/TTM,0.0,HEKTAR,2022
805,32,JAWA BARAT,3278,KOTA TASIKMALAYA,TBM,0.0,HEKTAR,2022
806,32,JAWA BARAT,3278,KOTA TASIKMALAYA,TM,0.0,HEKTAR,2022
807,32,JAWA BARAT,3278,KOTA TASIKMALAYA,TR/TTM,0.0,HEKTAR,2022
808,32,JAWA BARAT,3279,KOTA BANJAR,TBM,0.0,HEKTAR,2022
809,32,JAWA BARAT,3279,KOTA BANJAR,TM,0.0,HEKTAR,2022
810,32,JAWA BARAT,3279,KOTA BANJAR,TR/TTM,0.0,HEKTAR,2022
811,32,JAWA BARAT,3201,KABUPATEN BOGOR,TBM,0.0,HEKTAR,2023
812,32,JAWA BARAT,3201,KABUPATEN BOGOR,TM,8.01,HEKTAR,2023
813,32,JAWA BARAT,3201,KABUPATEN BOGOR,TR/TTM,0.0,HEKTAR,2023
814,32,JAWA BARAT,3202,KABUPATEN SUKABUMI,TBM,0.0,HEKTAR,2023
815,32,JAWA BARAT,3202,KABUPATEN SUKABUMI,TM,3039.6,HEKTAR,2023
816,32,JAWA BARAT,3202,KABUPATEN SUKABUMI,TR/TTM,5289.83,HEKTAR,2023
817,32,JAWA BARAT,3203,KABUPATEN CIANJUR,TBM,484.0,HEKTAR,2023
818,32,JAWA BARAT,3203,KABUPATEN CIANJUR,TM,8860.77,HEKTAR,2023
819,32,JAWA BARAT,3203,KABUPATEN CIANJUR,TR/TTM,5275.23,HEKTAR,2023
820,32,JAWA BARAT,3204,KABUPATEN BANDUNG,TBM,0.0,HEKTAR,2023
821,32,JAWA BARAT,3204,KABUPATEN BANDUNG,TM,1674.0,HEKTAR,2023
822,32,JAWA BARAT,3204,KABUPATEN BANDUNG,TR/TTM,38.0,HEKTAR,2023
823,32,JAWA BARAT,3205,KABUPATEN GARUT,TBM,32.15,HEKTAR,2023
824,32,JAWA BARAT,3205,KABUPATEN GARUT,TM,1706.89,HEKTAR,2023
825,32,JAWA BARAT,3205,KABUPATEN GARUT,TR/TTM,708.55,HEKTAR,2023
826,32,JAWA BARAT,3206,KABUPATEN TASIKMALAYA,TBM,527.22,HEKTAR,2023
827,32,JAWA BARAT,3206,KABUPATEN TASIKMALAYA,TM,6587.53,HEKTAR,2023
828,32,JAWA BARAT,3206,KABUPATEN TASIKMALAYA,TR/TTM,1946.72,HEKTAR,2023
829,32,JAWA BARAT,3207,KABUPATEN CIAMIS,TBM,0.0,HEKTAR,2023
830,32,JAWA BARAT,3207,KABUPATEN CIAMIS,TM,42.25,HEKTAR,2023
831,32,JAWA BARAT,3207,KABUPATEN CIAMIS,TR/TTM,94.5,HEKTAR,2023
832,32,JAWA BARAT,3208,KABUPATEN KUNINGAN,TBM,0.0,HEKTAR,2023
833,32,JAWA BARAT,3208,KABUPATEN KUNINGAN,TM,0.0,HEKTAR,2023
834,32,JAWA BARAT,3208,KABUPATEN KUNINGAN,TR/TTM,0.0,HEKTAR,2023
835,32,JAWA BARAT,3209,KABUPATEN CIREBON,TBM,0.0,HEKTAR,2023
836,32,JAWA BARAT,3209,KABUPATEN CIREBON,TM,0.0,HEKTAR,2023
837,32,JAWA BARAT,3209,KABUPATEN CIREBON,TR/TTM,0.0,HEKTAR,2023
838,32,JAWA BARAT,3210,KABUPATEN MAJALENGKA,TBM,112.55,HEKTAR,2023
839,32,JAWA BARAT,3210,KABUPATEN MAJALENGKA,TM,246.55,HEKTAR,2023
840,32,JAWA BARAT,3210,KABUPATEN MAJALENGKA,TR/TTM,277.1,HEKTAR,2023
841,32,JAWA BARAT,3211,KABUPATEN SUMEDANG,TBM,17.0,HEKTAR,2023
842,32,JAWA BARAT,3211,KABUPATEN SUMEDANG,TM,328.0,HEKTAR,2023
843,32,JAWA BARAT,3211,KABUPATEN SUMEDANG,TR/TTM,180.0,HEKTAR,2023
844,32,JAWA BARAT,3212,KABUPATEN INDRAMAYU,TBM,0.0,HEKTAR,2023
845,32,JAWA BARAT,3212,KABUPATEN INDRAMAYU,TM,0.0,HEKTAR,2023
846,32,JAWA BARAT,3212,KABUPATEN INDRAMAYU,TR/TTM,0.0,HEKTAR,2023
847,32,JAWA BARAT,3213,KABUPATEN SUBANG,TBM,76.0,HEKTAR,2023
848,32,JAWA BARAT,3213,KABUPATEN SUBANG,TM,368.0,HEKTAR,2023
849,32,JAWA BARAT,3213,KABUPATEN SUBANG,TR/TTM,94.5,HEKTAR,2023
850,32,JAWA BARAT,3214,KABUPATEN PURWAKARTA,TBM,255.5,HEKTAR,2023
851,32,JAWA BARAT,3214,KABUPATEN PURWAKARTA,TM,3370.78,HEKTAR,2023
852,32,JAWA BARAT,3214,KABUPATEN PURWAKARTA,TR/TTM,816.0,HEKTAR,2023
853,32,JAWA BARAT,3215,KABUPATEN KARAWANG,TBM,0.0,HEKTAR,2023
854,32,JAWA BARAT,3215,KABUPATEN KARAWANG,TM,0.0,HEKTAR,2023
855,32,JAWA BARAT,3215,KABUPATEN KARAWANG,TR/TTM,0.0,HEKTAR,2023
856,32,JAWA BARAT,3216,KABUPATEN BEKASI,TBM,0.0,HEKTAR,2023
857,32,JAWA BARAT,3216,KABUPATEN BEKASI,TM,0.0,HEKTAR,2023
858,32,JAWA BARAT,3216,KABUPATEN BEKASI,TR/TTM,0.0,HEKTAR,2023
859,32,JAWA BARAT,3217,KABUPATEN BANDUNG BARAT,TBM,192.15,HEKTAR,2023
860,32,JAWA BARAT,3217,KABUPATEN BANDUNG BARAT,TM,1204.45,HEKTAR,2023
861,32,JAWA BARAT,3217,KABUPATEN BANDUNG BARAT,TR/TTM,413.79,HEKTAR,2023
862,32,JAWA BARAT,3218,KABUPATEN PANGANDARAN,TBM,0.0,HEKTAR,2023
863,32,JAWA BARAT,3218,KABUPATEN PANGANDARAN,TM,0.0,HEKTAR,2023
864,32,JAWA BARAT,3218,KABUPATEN PANGANDARAN,TR/TTM,0.0,HEKTAR,2023
865,32,JAWA BARAT,3271,KOTA BOGOR,TBM,0.0,HEKTAR,2023
866,32,JAWA BARAT,3271,KOTA BOGOR,TM,0.0,HEKTAR,2023
867,32,JAWA BARAT,3271,KOTA BOGOR,TR/TTM,0.0,HEKTAR,2023
868,32,JAWA BARAT,3272,KOTA SUKABUMI,TBM,0.0,HEKTAR,2023
869,32,JAWA BARAT,3272,KOTA SUKABUMI,TM,0.0,HEKTAR,2023
870,32,JAWA BARAT,3272,KOTA SUKABUMI,TR/TTM,0.0,HEKTAR,2023
871,32,JAWA BARAT,3273,KOTA BANDUNG,TBM,0.0,HEKTAR,2023
872,32,JAWA BARAT,3273,KOTA BANDUNG,TM,0.0,HEKTAR,2023
873,32,JAWA BARAT,3273,KOTA BANDUNG,TR/TTM,0.0,HEKTAR,2023
874,32,JAWA BARAT,3274,KOTA CIREBON,TBM,0.0,HEKTAR,2023
875,32,JAWA BARAT,3274,KOTA CIREBON,TM,0.0,HEKTAR,2023
876,32,JAWA BARAT,3274,KOTA CIREBON,TR/TTM,0.0,HEKTAR,2023
877,32,JAWA BARAT,3275,KOTA BEKASI,TBM,0.0,HEKTAR,2023
878,32,JAWA BARAT,3275,KOTA BEKASI,TM,0.0,HEKTAR,2023
879,32,JAWA BARAT,3275,KOTA BEKASI,TR/TTM,0.0,HEKTAR,2023
880,32,JAWA BARAT,3276,KOTA DEPOK,TBM,0.0,HEKTAR,2023
881,32,JAWA BARAT,3276,KOTA DEPOK,TM,0.0,HEKTAR,2023
882,32,JAWA BARAT,3276,KOTA DEPOK,TR/TTM,0.0,HEKTAR,2023
883,32,JAWA BARAT,3277,KOTA CIMAHI,TBM,0.0,HEKTAR,2023
884,32,JAWA BARAT,3277,KOTA CIMAHI,TM,0.0,HEKTAR,2023
885,32,JAWA BARAT,3277,KOTA CIMAHI,TR/TTM,0.0,HEKTAR,2023
886,32,JAWA BARAT,3278,KOTA TASIKMALAYA,TBM,0.0,HEKTAR,2023
887,32,JAWA BARAT,3278,KOTA TASIKMALAYA,TM,0.0,HEKTAR,2023
888,32,JAWA BARAT,3278,KOTA TASIKMALAYA,TR/TTM,0.0,HEKTAR,2023
889,32,JAWA BARAT,3279,KOTA BANJAR,TBM,0.0,HEKTAR,2023
890,32,JAWA BARAT,3279,KOTA BANJAR,TM,0.0,HEKTAR,2023
891,32,JAWA BARAT,3279,KOTA BANJAR,TR/TTM,0.0,HEKTAR,2023
892,32,JAWA BARAT,3201,KABUPATEN BOGOR,TBM,0.0,HEKTAR,2024
893,32,JAWA BARAT,3201,KABUPATEN BOGOR,TM,5.01,HEKTAR,2024
894,32,JAWA BARAT,3201,KABUPATEN BOGOR,TR/TTM,0.0,HEKTAR,2024
895,32,JAWA BARAT,3202,KABUPATEN SUKABUMI,TBM,0.0,HEKTAR,2024
896,32,JAWA BARAT,3202,KABUPATEN SUKABUMI,TM,2944.6,HEKTAR,2024
897,32,JAWA BARAT,3202,KABUPATEN SUKABUMI,TR/TTM,5369.83,HEKTAR,2024
898,32,JAWA BARAT,3203,KABUPATEN CIANJUR,TBM,422.0,HEKTAR,2024
899,32,JAWA BARAT,3203,KABUPATEN CIANJUR,TM,8972.77,HEKTAR,2024
900,32,JAWA BARAT,3203,KABUPATEN CIANJUR,TR/TTM,5225.23,HEKTAR,2024
901,32,JAWA BARAT,3204,KABUPATEN BANDUNG,TBM,0.0,HEKTAR,2024
902,32,JAWA BARAT,3204,KABUPATEN BANDUNG,TM,1654.5,HEKTAR,2024
903,32,JAWA BARAT,3204,KABUPATEN BANDUNG,TR/TTM,50.5,HEKTAR,2024
904,32,JAWA BARAT,3205,KABUPATEN GARUT,TBM,10.0,HEKTAR,2024
905,32,JAWA BARAT,3205,KABUPATEN GARUT,TM,1719.0,HEKTAR,2024
906,32,JAWA BARAT,3205,KABUPATEN GARUT,TR/TTM,701.89,HEKTAR,2024
907,32,JAWA BARAT,3206,KABUPATEN TASIKMALAYA,TBM,566.79,HEKTAR,2024
908,32,JAWA BARAT,3206,KABUPATEN TASIKMALAYA,TM,6567.77,HEKTAR,2024
909,32,JAWA BARAT,3206,KABUPATEN TASIKMALAYA,TR/TTM,1926.91,HEKTAR,2024
910,32,JAWA BARAT,3207,KABUPATEN CIAMIS,TBM,0.0,HEKTAR,2024
911,32,JAWA BARAT,3207,KABUPATEN CIAMIS,TM,42.25,HEKTAR,2024
912,32,JAWA BARAT,3207,KABUPATEN CIAMIS,TR/TTM,94.5,HEKTAR,2024
913,32,JAWA BARAT,3208,KABUPATEN KUNINGAN,TBM,0.0,HEKTAR,2024
914,32,JAWA BARAT,3208,KABUPATEN KUNINGAN,TM,0.0,HEKTAR,2024
915,32,JAWA BARAT,3208,KABUPATEN KUNINGAN,TR/TTM,0.0,HEKTAR,2024
916,32,JAWA BARAT,3209,KABUPATEN CIREBON,TBM,0.0,HEKTAR,2024
917,32,JAWA BARAT,3209,KABUPATEN CIREBON,TM,0.0,HEKTAR,2024
918,32,JAWA BARAT,3209,KABUPATEN CIREBON,TR/TTM,0.0,HEKTAR,2024
919,32,JAWA BARAT,3210,KABUPATEN MAJALENGKA,TBM,102.55,HEKTAR,2024
920,32,JAWA BARAT,3210,KABUPATEN MAJALENGKA,TM,246.55,HEKTAR,2024
921,32,JAWA BARAT,3210,KABUPATEN MAJALENGKA,TR/TTM,302.1,HEKTAR,2024
922,32,JAWA BARAT,3211,KABUPATEN SUMEDANG,TBM,0.0,HEKTAR,2024
923,32,JAWA BARAT,3211,KABUPATEN SUMEDANG,TM,328.0,HEKTAR,2024
924,32,JAWA BARAT,3211,KABUPATEN SUMEDANG,TR/TTM,197.0,HEKTAR,2024
925,32,JAWA BARAT,3212,KABUPATEN INDRAMAYU,TBM,0.0,HEKTAR,2024
926,32,JAWA BARAT,3212,KABUPATEN INDRAMAYU,TM,0.0,HEKTAR,2024
927,32,JAWA BARAT,3212,KABUPATEN INDRAMAYU,TR/TTM,0.0,HEKTAR,2024
928,32,JAWA BARAT,3213,KABUPATEN SUBANG,TBM,76.0,HEKTAR,2024
929,32,JAWA BARAT,3213,KABUPATEN SUBANG,TM,374.5,HEKTAR,2024
930,32,JAWA BARAT,3213,KABUPATEN SUBANG,TR/TTM,92.0,HEKTAR,2024
931,32,JAWA BARAT,3214,KABUPATEN PURWAKARTA,TBM,247.5,HEKTAR,2024
932,32,JAWA BARAT,3214,KABUPATEN PURWAKARTA,TM,3361.57,HEKTAR,2024
933,32,JAWA BARAT,3214,KABUPATEN PURWAKARTA,TR/TTM,814.51,HEKTAR,2024
934,32,JAWA BARAT,3215,KABUPATEN KARAWANG,TBM,0.0,HEKTAR,2024
935,32,JAWA BARAT,3215,KABUPATEN KARAWANG,TM,0.0,HEKTAR,2024
936,32,JAWA BARAT,3215,KABUPATEN KARAWANG,TR/TTM,0.0,HEKTAR,2024
937,32,JAWA BARAT,3216,KABUPATEN BEKASI,TBM,0.0,HEKTAR,2024
938,32,JAWA BARAT,3216,KABUPATEN BEKASI,TM,0.0,HEKTAR,2024
939,32,JAWA BARAT,3216,KABUPATEN BEKASI,TR/TTM,0.0,HEKTAR,2024
940,32,JAWA BARAT,3217,KABUPATEN BANDUNG BARAT,TBM,191.15,HEKTAR,2024
941,32,JAWA BARAT,3217,KABUPATEN BANDUNG BARAT,TM,1201.45,HEKTAR,2024
942,32,JAWA BARAT,3217,KABUPATEN BANDUNG BARAT,TR/TTM,417.79,HEKTAR,2024
943,32,JAWA BARAT,3218,KABUPATEN PANGANDARAN,TBM,0.0,HEKTAR,2024
944,32,JAWA BARAT,3218,KABUPATEN PANGANDARAN,TM,0.0,HEKTAR,2024
945,32,JAWA BARAT,3218,KABUPATEN PANGANDARAN,TR/TTM,0.0,HEKTAR,2024
946,32,JAWA BARAT,3271,KOTA BOGOR,TBM,0.0,HEKTAR,2024
947,32,JAWA BARAT,3271,KOTA BOGOR,TM,0.0,HEKTAR,2024
948,32,JAWA BARAT,3271,KOTA BOGOR,TR/TTM,0.0,HEKTAR,2024
949,32,JAWA BARAT,3272,KOTA SUKABUMI,TBM,0.0,HEKTAR,2024
950,32,JAWA BARAT,3272,KOTA SUKABUMI,TM,0.0,HEKTAR,2024
951,32,JAWA BARAT,3272,KOTA SUKABUMI,TR/TTM,0.0,HEKTAR,2024
952,32,JAWA BARAT,3273,KOTA BANDUNG,TBM,0.0,HEKTAR,2024
953,32,JAWA BARAT,3273,KOTA BANDUNG,TM,0.0,HEKTAR,2024
954,32,JAWA BARAT,3273,KOTA BANDUNG,TR/TTM,0.0,HEKTAR,2024
955,32,JAWA BARAT,3274,KOTA CIREBON,TBM,0.0,HEKTAR,2024
956,32,JAWA BARAT,3274,KOTA CIREBON,TM,0.0,HEKTAR,2024
957,32,JAWA BARAT,3274,KOTA CIREBON,TR/TTM,0.0,HEKTAR,2024
958,32,JAWA BARAT,3275,KOTA BEKASI,TBM,0.0,HEKTAR,2024
959,32,JAWA BARAT,3275,KOTA BEKASI,TM,0.0,HEKTAR,2024
960,32,JAWA BARAT,3275,KOTA BEKASI,TR/TTM,0.0,HEKTAR,2024
961,32,JAWA BARAT,3276,KOTA DEPOK,TBM,0.0,HEKTAR,2024
962,32,JAWA BARAT,3276,KOTA DEPOK,TM,0.0,HEKTAR,2024
963,32,JAWA BARAT,3276,KOTA DEPOK,TR/TTM,0.0,HEKTAR,2024
964,32,JAWA BARAT,3277,KOTA CIMAHI,TBM,0.0,HEKTAR,2024
965,32,JAWA BARAT,3277,KOTA CIMAHI,TM,0.0,HEKTAR,2024
966,32,JAWA BARAT,3277,KOTA CIMAHI,TR/TTM,0.0,HEKTAR,2024
967,32,JAWA BARAT,3278,KOTA TASIKMALAYA,TBM,0.0,HEKTAR,2024
968,32,JAWA BARAT,3278,KOTA TASIKMALAYA,TM,0.0,HEKTAR,2024
969,32,JAWA BARAT,3278,KOTA TASIKMALAYA,TR/TTM,0.0,HEKTAR,2024
970,32,JAWA BARAT,3279,KOTA BANJAR,TBM,0.0,HEKTAR,2024
971,32,JAWA BARAT,3279,KOTA BANJAR,TM,0.0,HEKTAR,2024
972,32,JAWA BARAT,3279,KOTA BANJAR,TR/TTM,0.0,HEKTAR,2024
